Idx,Hour,DayCnt,DayYr,Connected
0,0,0,1,0
1,1,0,1,0
2,2,0,1,0
3,3,0,1,0
4,4,0,1,0
5,5,0,1,2
6,6,0,1,1
7,7,0,1,8
8,8,0,1,12
9,9,0,1,5
10,10,0,1,1
11,11,0,1,3
12,12,0,1,7
13,13,0,1,5
14,14,0,1,1
15,15,0,1,1
16,16,0,1,2
17,17,0,1,0
18,18,0,1,1
19,19,0,1,1
20,20,0,1,0
21,21,0,1,1
22,22,0,1,0
23,23,0,1,0
24,0,1,3,0
25,1,1,3,0
26,2,1,3,0
27,3,1,3,0
28,4,1,3,0
29,5,1,3,0
30,6,1,3,2
31,7,1,3,12
32,8,1,3,12
33,9,1,3,4
34,10,1,3,2
35,11,1,3,4
36,12,1,3,8
37,13,1,3,4
38,14,1,3,2
39,15,1,3,2
40,16,1,3,3
41,17,1,3,3
42,18,1,3,2
43,19,1,3,4
44,20,1,3,1
45,21,1,3,0
46,22,1,3,0
47,23,1,3,0
48,0,2,4,0
49,1,2,4,0
50,2,2,4,0
51,3,2,4,0
52,4,2,4,1
53,5,2,4,0
54,6,2,4,0
55,7,2,4,7
56,8,2,4,11
57,9,2,4,4
58,10,2,4,8
59,11,2,4,1
60,12,2,4,6
61,13,2,4,4
62,14,2,4,4
63,15,2,4,4
64,16,2,4,3
65,17,2,4,2
66,18,2,4,2
67,19,2,4,1
68,20,2,4,0
69,21,2,4,1
70,22,2,4,1
71,23,2,4,0
72,0,3,5,0
73,1,3,5,0
74,2,3,5,0
75,3,3,5,0
76,4,3,5,0
77,5,3,5,2
78,6,3,5,3
79,7,3,5,10
80,8,3,5,10
81,9,3,5,4
82,10,3,5,1
83,11,3,5,2
84,12,3,5,5
85,13,3,5,2
86,14,3,5,4
87,15,3,5,1
88,16,3,5,4
89,17,3,5,3
90,18,3,5,1
91,19,3,5,1
92,20,3,5,1
93,21,3,5,1
94,22,3,5,0
95,23,3,5,0
96,0,4,6,0
97,1,4,6,0
98,2,4,6,0
99,3,4,6,0
100,4,4,6,0
101,5,4,6,2
102,6,4,6,1
103,7,4,6,10
104,8,4,6,5
105,9,4,6,2
106,10,4,6,2
107,11,4,6,3
108,12,4,6,9
109,13,4,6,6
110,14,4,6,2
111,15,4,6,1
112,16,4,6,4
113,17,4,6,1
114,18,4,6,1
115,19,4,6,2
116,20,4,6,0
117,21,4,6,0
118,22,4,6,0
119,23,4,6,0
120,0,5,7,0
121,1,5,7,0
122,2,5,7,0
123,3,5,7,0
124,4,5,7,0
125,5,5,7,3
126,6,5,7,2
127,7,5,7,10
128,8,5,7,6
129,9,5,7,7
130,10,5,7,4
131,11,5,7,4
132,12,5,7,5
133,13,5,7,6
134,14,5,7,4
135,15,5,7,3
136,16,5,7,3
137,17,5,7,0
138,18,5,7,2
139,19,5,7,2
140,20,5,7,1
141,21,5,7,1
142,22,5,7,1
143,23,5,7,0
144,0,6,8,0
145,1,6,8,0
146,2,6,8,0
147,3,6,8,0
148,4,6,8,0
149,5,6,8,0
150,6,6,8,3
151,7,6,8,8
152,8,6,8,6
153,9,6,8,5
154,10,6,8,3
155,11,6,8,4
156,12,6,8,4
157,13,6,8,5
158,14,6,8,2
159,15,6,8,3
160,16,6,8,5
161,17,6,8,3
162,18,6,8,3
163,19,6,8,0
164,20,6,8,0
165,21,6,8,0
166,22,6,8,0
167,23,6,8,0
168,0,7,9,0
169,1,7,9,0
170,2,7,9,0
171,3,7,9,0
172,4,7,9,0
173,5,7,9,0
174,6,7,9,2
175,7,7,9,5
176,8,7,9,10
177,9,7,9,5
178,10,7,9,4
179,11,7,9,2
180,12,7,9,4
181,13,7,9,2
182,14,7,9,2
183,15,7,9,1
184,16,7,9,4
185,17,7,9,1
186,18,7,9,1
187,19,7,9,3
188,20,7,9,0
189,21,7,9,0
190,22,7,9,1
191,23,7,9,1
192,0,8,10,0
193,1,8,10,0
194,2,8,10,0
195,3,8,10,0
196,4,8,10,0
197,5,8,10,0
198,6,8,10,0
199,7,8,10,5
200,8,8,10,7
201,9,8,10,2
202,10,8,10,3
203,11,8,10,2
204,12,8,10,2
205,13,8,10,5
206,14,8,10,4
207,15,8,10,1
208,16,8,10,1
209,17,8,10,2
210,18,8,10,0
211,19,8,10,0
212,20,8,10,0
213,21,8,10,1
214,22,8,10,0
215,23,8,10,0
216,0,9,11,0
217,1,9,11,0
218,2,9,11,0
219,3,9,11,0
220,4,9,11,0
221,5,9,11,0
222,6,9,11,2
223,7,9,11,13
224,8,9,11,4
225,9,9,11,3
226,10,9,11,2
227,11,9,11,3
228,12,9,11,4
229,13,9,11,6
230,14,9,11,2
231,15,9,11,1
232,16,9,11,1
233,17,9,11,3
234,18,9,11,3
235,19,9,11,1
236,20,9,11,1
237,21,9,11,0
238,22,9,11,0
239,23,9,11,0
240,0,10,12,0
241,1,10,12,0
242,2,10,12,0
243,3,10,12,0
244,4,10,12,0
245,5,10,12,1
246,6,10,12,4
247,7,10,12,10
248,8,10,12,7
249,9,10,12,3
250,10,10,12,4
251,11,10,12,2
252,12,10,12,4
253,13,10,12,7
254,14,10,12,4
255,15,10,12,6
256,16,10,12,6
257,17,10,12,3
258,18,10,12,3
259,19,10,12,1
260,20,10,12,0
261,21,10,12,1
262,22,10,12,0
263,23,10,12,0
264,0,11,13,0
265,1,11,13,0
266,2,11,13,0
267,3,11,13,0
268,4,11,13,0
269,5,11,13,0
270,6,11,13,2
271,7,11,13,15
272,8,11,13,7
273,9,11,13,4
274,10,11,13,2
275,11,11,13,3
276,12,11,13,8
277,13,11,13,7
278,14,11,13,3
279,15,11,13,3
280,16,11,13,6
281,17,11,13,3
282,18,11,13,1
283,19,11,13,0
284,20,11,13,0
285,21,11,13,0
286,22,11,13,0
287,23,11,13,0
288,0,12,14,0
289,1,12,14,0
290,2,12,14,0
291,3,12,14,0
292,4,12,14,0
293,5,12,14,0
294,6,12,14,1
295,7,12,14,14
296,8,12,14,4
297,9,12,14,5
298,10,12,14,8
299,11,12,14,4
300,12,12,14,1
301,13,12,14,4
302,14,12,14,3
303,15,12,14,8
304,16,12,14,3
305,17,12,14,2
306,18,12,14,3
307,19,12,14,1
308,20,12,14,0
309,21,12,14,0
310,22,12,14,0
311,23,12,14,0
312,0,13,15,0
313,1,13,15,0
314,2,13,15,0
315,3,13,15,0
316,4,13,15,0
317,5,13,15,0
318,6,13,15,3
319,7,13,15,16
320,8,13,15,8
321,9,13,15,3
322,10,13,15,3
323,11,13,15,5
324,12,13,15,10
325,13,13,15,5
326,14,13,15,2
327,15,13,15,2
328,16,13,15,3
329,17,13,15,3
330,18,13,15,2
331,19,13,15,2
332,20,13,15,0
333,21,13,15,0
334,22,13,15,0
335,23,13,15,0
336,0,14,16,0
337,1,14,16,0
338,2,14,16,0
339,3,14,16,0
340,4,14,16,0
341,5,14,16,0
342,6,14,16,2
343,7,14,16,10
344,8,14,16,9
345,9,14,16,8
346,10,14,16,0
347,11,14,16,5
348,12,14,16,5
349,13,14,16,10
350,14,14,16,3
351,15,14,16,3
352,16,14,16,2
353,17,14,16,1
354,18,14,16,2
355,19,14,16,1
356,20,14,16,0
357,21,14,16,1
358,22,14,16,0
359,23,14,16,0
360,0,15,17,0
361,1,15,17,0
362,2,15,17,0
363,3,15,17,0
364,4,15,17,1
365,5,15,17,1
366,6,15,17,3
367,7,15,17,11
368,8,15,17,9
369,9,15,17,6
370,10,15,17,4
371,11,15,17,4
372,12,15,17,4
373,13,15,17,4
374,14,15,17,4
375,15,15,17,4
376,16,15,17,2
377,17,15,17,2
378,18,15,17,1
379,19,15,17,1
380,20,15,17,1
381,21,15,17,0
382,22,15,17,0
383,23,15,17,0
384,0,16,18,0
385,1,16,18,0
386,2,16,18,0
387,3,16,18,0
388,4,16,18,0
389,5,16,18,1
390,6,16,18,2
391,7,16,18,7
392,8,16,18,11
393,9,16,18,4
394,10,16,18,3
395,11,16,18,5
396,12,16,18,7
397,13,16,18,10
398,14,16,18,3
399,15,16,18,4
400,16,16,18,2
401,17,16,18,1
402,18,16,18,5
403,19,16,18,1
404,20,16,18,1
405,21,16,18,1
406,22,16,18,0
407,23,16,18,0
408,0,17,19,0
409,1,17,19,0
410,2,17,19,0
411,3,17,19,0
412,4,17,19,0
413,5,17,19,0
414,6,17,19,1
415,7,17,19,10
416,8,17,19,10
417,9,17,19,2
418,10,17,19,6
419,11,17,19,5
420,12,17,19,7
421,13,17,19,3
422,14,17,19,3
423,15,17,19,1
424,16,17,19,4
425,17,17,19,2
426,18,17,19,3
427,19,17,19,3
428,20,17,19,1
429,21,17,19,1
430,22,17,19,0
431,23,17,19,0
432,0,18,20,0
433,1,18,20,0
434,2,18,20,0
435,3,18,20,0
436,4,18,20,0
437,5,18,20,0
438,6,18,20,2
439,7,18,20,12
440,8,18,20,10
441,9,18,20,2
442,10,18,20,3
443,11,18,20,4
444,12,18,20,4
445,13,18,20,5
446,14,18,20,6
447,15,18,20,3
448,16,18,20,4
449,17,18,20,2
450,18,18,20,2
451,19,18,20,1
452,20,18,20,0
453,21,18,20,0
454,22,18,20,0
455,23,18,20,0
456,0,19,21,0
457,1,19,21,0
458,2,19,21,0
459,3,19,21,0
460,4,19,21,0
461,5,19,21,0
462,6,19,21,5
463,7,19,21,11
464,8,19,21,11
465,9,19,21,3
466,10,19,21,4
467,11,19,21,3
468,12,19,21,7
469,13,19,21,6
470,14,19,21,5
471,15,19,21,5
472,16,19,21,1
473,17,19,21,2
474,18,19,21,1
475,19,19,21,0
476,20,19,21,0
477,21,19,21,0
478,22,19,21,0
479,23,19,21,0
480,0,20,22,0
481,1,20,22,1
482,2,20,22,0
483,3,20,22,0
484,4,20,22,1
485,5,20,22,1
486,6,20,22,5
487,7,20,22,9
488,8,20,22,6
489,9,20,22,7
490,10,20,22,3
491,11,20,22,4
492,12,20,22,9
493,13,20,22,8
494,14,20,22,5
495,15,20,22,4
496,16,20,22,0
497,17,20,22,1
498,18,20,22,3
499,19,20,22,0
500,20,20,22,1
501,21,20,22,0
502,22,20,22,0
503,23,20,22,0
504,0,21,24,0
505,1,21,24,0
506,2,21,24,0
507,3,21,24,0
508,4,21,24,0
509,5,21,24,0
510,6,21,24,3
511,7,21,24,6
512,8,21,24,12
513,9,21,24,6
514,10,21,24,3
515,11,21,24,5
516,12,21,24,3
517,13,21,24,6
518,14,21,24,1
519,15,21,24,2
520,16,21,24,1
521,17,21,24,2
522,18,21,24,1
523,19,21,24,2
524,20,21,24,1
525,21,21,24,2
526,22,21,24,1
527,23,21,24,0
528,0,22,25,0
529,1,22,25,0
530,2,22,25,0
531,3,22,25,0
532,4,22,25,0
533,5,22,25,1
534,6,22,25,3
535,7,22,25,10
536,8,22,25,8
537,9,22,25,5
538,10,22,25,2
539,11,22,25,2
540,12,22,25,4
541,13,22,25,9
542,14,22,25,2
543,15,22,25,0
544,16,22,25,3
545,17,22,25,3
546,18,22,25,3
547,19,22,25,0
548,20,22,25,2
549,21,22,25,1
550,22,22,25,0
551,23,22,25,0
552,0,23,26,0
553,1,23,26,0
554,2,23,26,0
555,3,23,26,0
556,4,23,26,0
557,5,23,26,0
558,6,23,26,4
559,7,23,26,11
560,8,23,26,6
561,9,23,26,6
562,10,23,26,2
563,11,23,26,3
564,12,23,26,10
565,13,23,26,5
566,14,23,26,4
567,15,23,26,4
568,16,23,26,3
569,17,23,26,3
570,18,23,26,4
571,19,23,26,3
572,20,23,26,2
573,21,23,26,0
574,22,23,26,0
575,23,23,26,0
576,0,24,27,0
577,1,24,27,0
578,2,24,27,0
579,3,24,27,0
580,4,24,27,0
581,5,24,27,0
582,6,24,27,3
583,7,24,27,10
584,8,24,27,7
585,9,24,27,2
586,10,24,27,4
587,11,24,27,8
588,12,24,27,3
589,13,24,27,6
590,14,24,27,6
591,15,24,27,3
592,16,24,27,4
593,17,24,27,1
594,18,24,27,2
595,19,24,27,2
596,20,24,27,1
597,21,24,27,0
598,22,24,27,1
599,23,24,27,0
600,0,25,29,0
601,1,25,29,0
602,2,25,29,0
603,3,25,29,0
604,4,25,29,0
605,5,25,29,0
606,6,25,29,1
607,7,25,29,11
608,8,25,29,8
609,9,25,29,2
610,10,25,29,3
611,11,25,29,2
612,12,25,29,4
613,13,25,29,5
614,14,25,29,2
615,15,25,29,2
616,16,25,29,1
617,17,25,29,2
618,18,25,29,2
619,19,25,29,1
620,20,25,29,1
621,21,25,29,0
622,22,25,29,0
623,23,25,29,0
624,0,26,31,0
625,1,26,31,0
626,2,26,31,0
627,3,26,31,0
628,4,26,31,0
629,5,26,31,0
630,6,26,31,5
631,7,26,31,9
632,8,26,31,9
633,9,26,31,4
634,10,26,31,2
635,11,26,31,0
636,12,26,31,7
637,13,26,31,5
638,14,26,31,5
639,15,26,31,2
640,16,26,31,3
641,17,26,31,0
642,18,26,31,3
643,19,26,31,1
644,20,26,31,1
645,21,26,31,0
646,22,26,31,1
647,23,26,31,0
648,0,27,32,0
649,1,27,32,0
650,2,27,32,0
651,3,27,32,0
652,4,27,32,0
653,5,27,32,1
654,6,27,32,3
655,7,27,32,11
656,8,27,32,7
657,9,27,32,3
658,10,27,32,6
659,11,27,32,7
660,12,27,32,6
661,13,27,32,7
662,14,27,32,2
663,15,27,32,5
664,16,27,32,1
665,17,27,32,1
666,18,27,32,3
667,19,27,32,0
668,20,27,32,0
669,21,27,32,1
670,22,27,32,1
671,23,27,32,0
672,0,28,33,0
673,1,28,33,0
674,2,28,33,0
675,3,28,33,0
676,4,28,33,0
677,5,28,33,0
678,6,28,33,5
679,7,28,33,8
680,8,28,33,10
681,9,28,33,4
682,10,28,33,3
683,11,28,33,6
684,12,28,33,10
685,13,28,33,6
686,14,28,33,4
687,15,28,33,1
688,16,28,33,2
689,17,28,33,1
690,18,28,33,4
691,19,28,33,1
692,20,28,33,0
693,21,28,33,0
694,22,28,33,1
695,23,28,33,0
696,0,29,34,0
697,1,29,34,0
698,2,29,34,0
699,3,29,34,0
700,4,29,34,0
701,5,29,34,0
702,6,29,34,3
703,7,29,34,14
704,8,29,34,6
705,9,29,34,4
706,10,29,34,2
707,11,29,34,4
708,12,29,34,2
709,13,29,34,6
710,14,29,34,5
711,15,29,34,4
712,16,29,34,2
713,17,29,34,1
714,18,29,34,2
715,19,29,34,2
716,20,29,34,1
717,21,29,34,0
718,22,29,34,0
719,23,29,34,0
720,0,30,35,2
721,1,30,35,0
722,2,30,35,0
723,3,30,35,0
724,4,30,35,0
725,5,30,35,0
726,6,30,35,0
727,7,30,35,2
728,8,30,35,3
729,9,30,35,0
730,10,30,35,0
731,11,30,35,0
732,12,30,35,1
733,13,30,35,3
734,14,30,35,0
735,15,30,35,0
736,16,30,35,3
737,17,30,35,0
738,18,30,35,1
739,19,30,35,1
740,20,30,35,1
741,21,30,35,0
742,22,30,35,0
743,23,30,35,0
744,0,31,37,0
745,1,31,37,0
746,2,31,37,0
747,3,31,37,0
748,4,31,37,0
749,5,31,37,0
750,6,31,37,3
751,7,31,37,14
752,8,31,37,5
753,9,31,37,4
754,10,31,37,4
755,11,31,37,3
756,12,31,37,7
757,13,31,37,7
758,14,31,37,7
759,15,31,37,4
760,16,31,37,2
761,17,31,37,2
762,18,31,37,1
763,19,31,37,1
764,20,31,37,1
765,21,31,37,0
766,22,31,37,1
767,23,31,37,0
768,0,32,39,0
769,1,32,39,0
770,2,32,39,0
771,3,32,39,0
772,4,32,39,0
773,5,32,39,0
774,6,32,39,3
775,7,32,39,7
776,8,32,39,6
777,9,32,39,6
778,10,32,39,3
779,11,32,39,2
780,12,32,39,4
781,13,32,39,3
782,14,32,39,2
783,15,32,39,0
784,16,32,39,0
785,17,32,39,3
786,18,32,39,3
787,19,32,39,1
788,20,32,39,1
789,21,32,39,0
790,22,32,39,1
791,23,32,39,0
792,0,33,41,0
793,1,33,41,0
794,2,33,41,0
795,3,33,41,0
796,4,33,41,0
797,5,33,41,0
798,6,33,41,4
799,7,33,41,14
800,8,33,41,10
801,9,33,41,4
802,10,33,41,5
803,11,33,41,0
804,12,33,41,7
805,13,33,41,6
806,14,33,41,6
807,15,33,41,2
808,16,33,41,1
809,17,33,41,1
810,18,33,41,3
811,19,33,41,1
812,20,33,41,0
813,21,33,41,0
814,22,33,41,0
815,23,33,41,1
816,0,34,42,0
817,1,34,42,1
818,2,34,42,0
819,3,34,42,0
820,4,34,42,0
821,5,34,42,3
822,6,34,42,4
823,7,34,42,13
824,8,34,42,9
825,9,34,42,6
826,10,34,42,2
827,11,34,42,6
828,12,34,42,4
829,13,34,42,6
830,14,34,42,4
831,15,34,42,1
832,16,34,42,4
833,17,34,42,3
834,18,34,42,3
835,19,34,42,1
836,20,34,42,2
837,21,34,42,0
838,22,34,42,1
839,23,34,42,0
840,0,35,45,0
841,1,35,45,0
842,2,35,45,0
843,3,35,45,0
844,4,35,45,0
845,5,35,45,0
846,6,35,45,4
847,7,35,45,10
848,8,35,45,7
849,9,35,45,5
850,10,35,45,2
851,11,35,45,3
852,12,35,45,5
853,13,35,45,6
854,14,35,45,2
855,15,35,45,3
856,16,35,45,5
857,17,35,45,1
858,18,35,45,1
859,19,35,45,1
860,20,35,45,0
861,21,35,45,0
862,22,35,45,0
863,23,35,45,0
864,0,36,48,0
865,1,36,48,0
866,2,36,48,0
867,3,36,48,0
868,4,36,48,0
869,5,36,48,1
870,6,36,48,6
871,7,36,48,7
872,8,36,48,10
873,9,36,48,2
874,10,36,48,7
875,11,36,48,3
876,12,36,48,8
877,13,36,48,9
878,14,36,48,1
879,15,36,48,7
880,16,36,48,4
881,17,36,48,2
882,18,36,48,4
883,19,36,48,0
884,20,36,48,0
885,21,36,48,0
886,22,36,48,0
887,23,36,48,0
888,0,37,49,0
889,1,37,49,0
890,2,37,49,0
891,3,37,49,0
892,4,37,49,0
893,5,37,49,0
894,6,37,49,1
895,7,37,49,8
896,8,37,49,14
897,9,37,49,6
898,10,37,49,3
899,11,37,49,0
900,12,37,49,3
901,13,37,49,7
902,14,37,49,4
903,15,37,49,4
904,16,37,49,3
905,17,37,49,4
906,18,37,49,5
907,19,37,49,1
908,20,37,49,1
909,21,37,49,3
910,22,37,49,0
911,23,37,49,0
912,0,38,50,0
913,1,38,50,0
914,2,38,50,0
915,3,38,50,0
916,4,38,50,0
917,5,38,50,0
918,6,38,50,5
919,7,38,50,8
920,8,38,50,8
921,9,38,50,4
922,10,38,50,6
923,11,38,50,7
924,12,38,50,5
925,13,38,50,11
926,14,38,50,2
927,15,38,50,4
928,16,38,50,4
929,17,38,50,2
930,18,38,50,3
931,19,38,50,4
932,20,38,50,1
933,21,38,50,0
934,22,38,50,0
935,23,38,50,1
936,0,39,51,0
937,1,39,51,0
938,2,39,51,0
939,3,39,51,0
940,4,39,51,0
941,5,39,51,1
942,6,39,51,8
943,7,39,51,7
944,8,39,51,12
945,9,39,51,6
946,10,39,51,1
947,11,39,51,5
948,12,39,51,10
949,13,39,51,8
950,14,39,51,8
951,15,39,51,3
952,16,39,51,1
953,17,39,51,4
954,18,39,51,7
955,19,39,51,2
956,20,39,51,0
957,21,39,51,1
958,22,39,51,0
959,23,39,51,0
960,0,40,53,0
961,1,40,53,0
962,2,40,53,0
963,3,40,53,0
964,4,40,53,0
965,5,40,53,1
966,6,40,53,6
967,7,40,53,5
968,8,40,53,7
969,9,40,53,9
970,10,40,53,8
971,11,40,53,11
972,12,40,53,8
973,13,40,53,9
974,14,40,53,4
975,15,40,53,6
976,16,40,53,4
977,17,40,53,0
978,18,40,53,3
979,19,40,53,3
980,20,40,53,2
981,21,40,53,0
982,22,40,53,1
983,23,40,53,0
984,0,41,54,0
985,1,41,54,0
986,2,41,54,0
987,3,41,54,0
988,4,41,54,0
989,5,41,54,2
990,6,41,54,1
991,7,41,54,5
992,8,41,54,8
993,9,41,54,9
994,10,41,54,3
995,11,41,54,6
996,12,41,54,7
997,13,41,54,4
998,14,41,54,7
999,15,41,54,4
1000,16,41,54,2
1001,17,41,54,6
1002,18,41,54,5
1003,19,41,54,1
1004,20,41,54,0
1005,21,41,54,1
1006,22,41,54,0
1007,23,41,54,0
1008,0,42,57,0
1009,1,42,57,0
1010,2,42,57,0
1011,3,42,57,0
1012,4,42,57,0
1013,5,42,57,1
1014,6,42,57,4
1015,7,42,57,5
1016,8,42,57,14
1017,9,42,57,3
1018,10,42,57,4
1019,11,42,57,6
1020,12,42,57,11
1021,13,42,57,7
1022,14,42,57,3
1023,15,42,57,5
1024,16,42,57,1
1025,17,42,57,4
1026,18,42,57,2
1027,19,42,57,1
1028,20,42,57,1
1029,21,42,57,1
1030,22,42,57,0
1031,23,42,57,0
1032,0,43,58,0
1033,1,43,58,0
1034,2,43,58,0
1035,3,43,58,0
1036,4,43,58,0
1037,5,43,58,1
1038,6,43,58,6
1039,7,43,58,5
1040,8,43,58,10
1041,9,43,58,3
1042,10,43,58,2
1043,11,43,58,2
1044,12,43,58,7
1045,13,43,58,8
1046,14,43,58,3
1047,15,43,58,4
1048,16,43,58,2
1049,17,43,58,2
1050,18,43,58,3
1051,19,43,58,0
1052,20,43,58,0
1053,21,43,58,0
1054,22,43,58,0
1055,23,43,58,0
1056,0,44,59,0
1057,1,44,59,0
1058,2,44,59,1
1059,3,44,59,0
1060,4,44,59,0
1061,5,44,59,2
1062,6,44,59,0
1063,7,44,59,5
1064,8,44,59,10
1065,9,44,59,4
1066,10,44,59,6
1067,11,44,59,2
1068,12,44,59,4
1069,13,44,59,6
1070,14,44,59,4
1071,15,44,59,7
1072,16,44,59,2
1073,17,44,59,5
1074,18,44,59,5
1075,19,44,59,1
1076,20,44,59,1
1077,21,44,59,2
1078,22,44,59,0
1079,23,44,59,0
1080,0,45,60,0
1081,1,45,60,0
1082,2,45,60,0
1083,3,45,60,0
1084,4,45,60,0
1085,5,45,60,0
1086,6,45,60,3
1087,7,45,60,8
1088,8,45,60,6
1089,9,45,60,3
1090,10,45,60,2
1091,11,45,60,4
1092,12,45,60,8
1093,13,45,60,4
1094,14,45,60,0
1095,15,45,60,6
1096,16,45,60,1
1097,17,45,60,3
1098,18,45,60,4
1099,19,45,60,1
1100,20,45,60,1
1101,21,45,60,1
1102,22,45,60,0
1103,23,45,60,0
1104,0,46,61,0
1105,1,46,61,0
1106,2,46,61,0
1107,3,46,61,0
1108,4,46,61,0
1109,5,46,61,1
1110,6,46,61,7
1111,7,46,61,7
1112,8,46,61,12
1113,9,46,61,4
1114,10,46,61,6
1115,11,46,61,5
1116,12,46,61,9
1117,13,46,61,5
1118,14,46,61,7
1119,15,46,61,3
1120,16,46,61,6
1121,17,46,61,4
1122,18,46,61,2
1123,19,46,61,5
1124,20,46,61,0
1125,21,46,61,0
1126,22,46,61,0
1127,23,46,61,0
1128,0,47,62,0
1129,1,47,62,0
1130,2,47,62,0
1131,3,47,62,0
1132,4,47,62,0
1133,5,47,62,1
1134,6,47,62,2
1135,7,47,62,6
1136,8,47,62,11
1137,9,47,62,5
1138,10,47,62,8
1139,11,47,62,5
1140,12,47,62,6
1141,13,47,62,8
1142,14,47,62,4
1143,15,47,62,6
1144,16,47,62,2
1145,17,47,62,5
1146,18,47,62,3
1147,19,47,62,2
1148,20,47,62,1
1149,21,47,62,3
1150,22,47,62,0
1151,23,47,62,0
1152,0,48,63,0
1153,1,48,63,0
1154,2,48,63,0
1155,3,48,63,0
1156,4,48,63,0
1157,5,48,63,2
1158,6,48,63,8
1159,7,48,63,4
1160,8,48,63,10
1161,9,48,63,4
1162,10,48,63,2
1163,11,48,63,3
1164,12,48,63,3
1165,13,48,63,9
1166,14,48,63,7
1167,15,48,63,4
1168,16,48,63,4
1169,17,48,63,5
1170,18,48,63,2
1171,19,48,63,3
1172,20,48,63,0
1173,21,48,63,0
1174,22,48,63,0
1175,23,48,63,0
1176,0,49,64,0
1177,1,49,64,0
1178,2,49,64,0
1179,3,49,64,0
1180,4,49,64,0
1181,5,49,64,1
1182,6,49,64,1
1183,7,49,64,9
1184,8,49,64,11
1185,9,49,64,5
1186,10,49,64,4
1187,11,49,64,9
1188,12,49,64,5
1189,13,49,64,5
1190,14,49,64,6
1191,15,49,64,2
1192,16,49,64,6
1193,17,49,64,3
1194,18,49,64,1
1195,19,49,64,1
1196,20,49,64,1
1197,21,49,64,0
1198,22,49,64,0
1199,23,49,64,0
1200,0,50,65,0
1201,1,50,65,0
1202,2,50,65,0
1203,3,50,65,0
1204,4,50,65,0
1205,5,50,65,1
1206,6,50,65,5
1207,7,50,65,8
1208,8,50,65,7
1209,9,50,65,5
1210,10,50,65,4
1211,11,50,65,5
1212,12,50,65,5
1213,13,50,65,5
1214,14,50,65,5
1215,15,50,65,5
1216,16,50,65,3
1217,17,50,65,3
1218,18,50,65,2
1219,19,50,65,1
1220,20,50,65,0
1221,21,50,65,0
1222,22,50,65,0
1223,23,50,65,0
1224,0,51,66,0
1225,1,51,66,0
1226,2,51,66,0
1227,3,51,66,0
1228,4,51,66,0
1229,5,51,66,2
1230,6,51,66,4
1231,7,51,66,7
1232,8,51,66,8
1233,9,51,66,4
1234,10,51,66,3
1235,11,51,66,8
1236,12,51,66,8
1237,13,51,66,5
1238,14,51,66,9
1239,15,51,66,7
1240,16,51,66,3
1241,17,51,66,7
1242,18,51,66,2
1243,19,51,66,1
1244,20,51,66,1
1245,21,51,66,0
1246,22,51,66,0
1247,23,51,66,0
1248,0,52,68,0
1249,1,52,68,0
1250,2,52,68,0
1251,3,52,68,0
1252,4,52,68,0
1253,5,52,68,1
1254,6,52,68,3
1255,7,52,68,7
1256,8,52,68,8
1257,9,52,68,5
1258,10,52,68,3
1259,11,52,68,5
1260,12,52,68,8
1261,13,52,68,9
1262,14,52,68,4
1263,15,52,68,5
1264,16,52,68,1
1265,17,52,68,1
1266,18,52,68,6
1267,19,52,68,2
1268,20,52,68,2
1269,21,52,68,0
1270,22,52,68,0
1271,23,52,68,0
1272,0,53,69,0
1273,1,53,69,0
1274,2,53,69,0
1275,3,53,69,0
1276,4,53,69,0
1277,5,53,69,1
1278,6,53,69,4
1279,7,53,69,6
1280,8,53,69,11
1281,9,53,69,6
1282,10,53,69,4
1283,11,53,69,4
1284,12,53,69,7
1285,13,53,69,5
1286,14,53,69,5
1287,15,53,69,5
1288,16,53,69,2
1289,17,53,69,4
1290,18,53,69,5
1291,19,53,69,0
1292,20,53,69,1
1293,21,53,69,2
1294,22,53,69,1
1295,23,53,69,0
1296,0,54,70,1
1297,1,54,70,0
1298,2,54,70,0
1299,3,54,70,0
1300,4,54,70,0
1301,5,54,70,3
1302,6,54,70,5
1303,7,54,70,7
1304,8,54,70,9
1305,9,54,70,5
1306,10,54,70,5
1307,11,54,70,6
1308,12,54,70,7
1309,13,54,70,5
1310,14,54,70,3
1311,15,54,70,4
1312,16,54,70,3
1313,17,54,70,4
1314,18,54,70,4
1315,19,54,70,2
1316,20,54,70,3
1317,21,54,70,1
1318,22,54,70,0
1319,23,54,70,0
1320,0,55,72,0
1321,1,55,72,0
1322,2,55,72,0
1323,3,55,72,0
1324,4,55,72,0
1325,5,55,72,1
1326,6,55,72,5
1327,7,55,72,4
1328,8,55,72,16
1329,9,55,72,3
1330,10,55,72,3
1331,11,55,72,6
1332,12,55,72,9
1333,13,55,72,7
1334,14,55,72,4
1335,15,55,72,5
1336,16,55,72,4
1337,17,55,72,1
1338,18,55,72,4
1339,19,55,72,3
1340,20,55,72,2
1341,21,55,72,0
1342,22,55,72,0
1343,23,55,72,0
1344,0,56,74,0
1345,1,56,74,0
1346,2,56,74,0
1347,3,56,74,0
1348,4,56,74,0
1349,5,56,74,1
1350,6,56,74,0
1351,7,56,74,9
1352,8,56,74,6
1353,9,56,74,10
1354,10,56,74,5
1355,11,56,74,6
1356,12,56,74,5
1357,13,56,74,7
1358,14,56,74,0
1359,15,56,74,2
1360,16,56,74,0
1361,17,56,74,0
1362,18,56,74,0
1363,19,56,74,1
1364,20,56,74,0
1365,21,56,74,0
1366,22,56,74,0
1367,23,56,74,0
1368,0,57,75,0
1369,1,57,75,0
1370,2,57,75,0
1371,3,57,75,0
1372,4,57,75,0
1373,5,57,75,0
1374,6,57,75,1
1375,7,57,75,9
1376,8,57,75,7
1377,9,57,75,3
1378,10,57,75,1
1379,11,57,75,7
1380,12,57,75,7
1381,13,57,75,4
1382,14,57,75,4
1383,15,57,75,6
1384,16,57,75,3
1385,17,57,75,1
1386,18,57,75,3
1387,19,57,75,0
1388,20,57,75,0
1389,21,57,75,0
1390,22,57,75,0
1391,23,57,75,1
1392,0,58,76,0
1393,1,58,76,0
1394,2,58,76,0
1395,3,58,76,0
1396,4,58,76,0
1397,5,58,76,0
1398,6,58,76,8
1399,7,58,76,8
1400,8,58,76,8
1401,9,58,76,4
1402,10,58,76,1
1403,11,58,76,4
1404,12,58,76,7
1405,13,58,76,9
1406,14,58,76,5
1407,15,58,76,3
1408,16,58,76,1
1409,17,58,76,3
1410,18,58,76,4
1411,19,58,76,0
1412,20,58,76,0
1413,21,58,76,0
1414,22,58,76,2
1415,23,58,76,0
1416,0,59,79,0
1417,1,59,79,0
1418,2,59,79,0
1419,3,59,79,0
1420,4,59,79,0
1421,5,59,79,1
1422,6,59,79,4
1423,7,59,79,4
1424,8,59,79,12
1425,9,59,79,8
1426,10,59,79,4
1427,11,59,79,0
1428,12,59,79,7
1429,13,59,79,3
1430,14,59,79,6
1431,15,59,79,0
1432,16,59,79,3
1433,17,59,79,5
1434,18,59,79,6
1435,19,59,79,4
1436,20,59,79,3
1437,21,59,79,2
1438,22,59,79,2
1439,23,59,79,0
1440,0,60,80,0
1441,1,60,80,0
1442,2,60,80,0
1443,3,60,80,0
1444,4,60,80,0
1445,5,60,80,1
1446,6,60,80,4
1447,7,60,80,4
1448,8,60,80,15
1449,9,60,80,4
1450,10,60,80,5
1451,11,60,80,0
1452,12,60,80,6
1453,13,60,80,4
1454,14,60,80,2
1455,15,60,80,2
1456,16,60,80,6
1457,17,60,80,0
1458,18,60,80,3
1459,19,60,80,3
1460,20,60,80,1
1461,21,60,80,0
1462,22,60,80,0
1463,23,60,80,0
1464,0,61,81,0
1465,1,61,81,0
1466,2,61,81,1
1467,3,61,81,0
1468,4,61,81,0
1469,5,61,81,2
1470,6,61,81,6
1471,7,61,81,8
1472,8,61,81,7
1473,9,61,81,4
1474,10,61,81,5
1475,11,61,81,5
1476,12,61,81,6
1477,13,61,81,5
1478,14,61,81,2
1479,15,61,81,5
1480,16,61,81,2
1481,17,61,81,1
1482,18,61,81,4
1483,19,61,81,2
1484,20,61,81,0
1485,21,61,81,1
1486,22,61,81,1
1487,23,61,81,0
1488,0,62,82,0
1489,1,62,82,0
1490,2,62,82,0
1491,3,62,82,0
1492,4,62,82,0
1493,5,62,82,1
1494,6,62,82,4
1495,7,62,82,3
1496,8,62,82,10
1497,9,62,82,8
1498,10,62,82,2
1499,11,62,82,5
1500,12,62,82,6
1501,13,62,82,9
1502,14,62,82,7
1503,15,62,82,3
1504,16,62,82,1
1505,17,62,82,3
1506,18,62,82,2
1507,19,62,82,2
1508,20,62,82,1
1509,21,62,82,2
1510,22,62,82,0
1511,23,62,82,1
1512,0,63,83,0
1513,1,63,83,0
1514,2,63,83,0
1515,3,63,83,0
1516,4,63,83,0
1517,5,63,83,3
1518,6,63,83,3
1519,7,63,83,9
1520,8,63,83,8
1521,9,63,83,6
1522,10,63,83,6
1523,11,63,83,5
1524,12,63,83,6
1525,13,63,83,7
1526,14,63,83,2
1527,15,63,83,5
1528,16,63,83,3
1529,17,63,83,3
1530,18,63,83,3
1531,19,63,83,3
1532,20,63,83,0
1533,21,63,83,0
1534,22,63,83,0
1535,23,63,83,0
1536,0,64,84,0
1537,1,64,84,0
1538,2,64,84,0
1539,3,64,84,0
1540,4,64,84,0
1541,5,64,84,1
1542,6,64,84,3
1543,7,64,84,6
1544,8,64,84,8
1545,9,64,84,9
1546,10,64,84,5
1547,11,64,84,3
1548,12,64,84,10
1549,13,64,84,7
1550,14,64,84,8
1551,15,64,84,4
1552,16,64,84,2
1553,17,64,84,5
1554,18,64,84,2
1555,19,64,84,4
1556,20,64,84,1
1557,21,64,84,1
1558,22,64,84,1
1559,23,64,84,0
1560,0,65,85,0
1561,1,65,85,2
1562,2,65,85,0
1563,3,65,85,0
1564,4,65,85,0
1565,5,65,85,2
1566,6,65,85,6
1567,7,65,85,6
1568,8,65,85,8
1569,9,65,85,5
1570,10,65,85,3
1571,11,65,85,4
1572,12,65,85,4
1573,13,65,85,2
1574,14,65,85,6
1575,15,65,85,2
1576,16,65,85,2
1577,17,65,85,3
1578,18,65,85,0
1579,19,65,85,3
1580,20,65,85,0
1581,21,65,85,0
1582,22,65,85,0
1583,23,65,85,3
1584,0,66,86,0
1585,1,66,86,1
1586,2,66,86,0
1587,3,66,86,0
1588,4,66,86,0
1589,5,66,86,1
1590,6,66,86,7
1591,7,66,86,7
1592,8,66,86,9
1593,9,66,86,6
1594,10,66,86,3
1595,11,66,86,3
1596,12,66,86,12
1597,13,66,86,7
1598,14,66,86,6
1599,15,66,86,4
1600,16,66,86,3
1601,17,66,86,1
1602,18,66,86,3
1603,19,66,86,2
1604,20,66,86,0
1605,21,66,86,0
1606,22,66,86,2
1607,23,66,86,0
1608,0,67,87,0
1609,1,67,87,0
1610,2,67,87,0
1611,3,67,87,0
1612,4,67,87,0
1613,5,67,87,1
1614,6,67,87,6
1615,7,67,87,9
1616,8,67,87,7
1617,9,67,87,7
1618,10,67,87,3
1619,11,67,87,4
1620,12,67,87,7
1621,13,67,87,8
1622,14,67,87,3
1623,15,67,87,4
1624,16,67,87,2
1625,17,67,87,3
1626,18,67,87,2
1627,19,67,87,1
1628,20,67,87,0
1629,21,67,87,0
1630,22,67,87,0
1631,23,67,87,2
1632,0,68,88,1
1633,1,68,88,0
1634,2,68,88,0
1635,3,68,88,0
1636,4,68,88,0
1637,5,68,88,3
1638,6,68,88,4
1639,7,68,88,9
1640,8,68,88,13
1641,9,68,88,6
1642,10,68,88,7
1643,11,68,88,3
1644,12,68,88,7
1645,13,68,88,6
1646,14,68,88,2
1647,15,68,88,11
1648,16,68,88,2
1649,17,68,88,4
1650,18,68,88,5
1651,19,68,88,1
1652,20,68,88,0
1653,21,68,88,0
1654,22,68,88,1
1655,23,68,88,0
1656,0,69,91,0
1657,1,69,91,0
1658,2,69,91,0
1659,3,69,91,0
1660,4,69,91,1
1661,5,69,91,2
1662,6,69,91,5
1663,7,69,91,7
1664,8,69,91,12
1665,9,69,91,4
1666,10,69,91,5
1667,11,69,91,4
1668,12,69,91,7
1669,13,69,91,5
1670,14,69,91,7
1671,15,69,91,5
1672,16,69,91,4
1673,17,69,91,8
1674,18,69,91,2
1675,19,69,91,4
1676,20,69,91,3
1677,21,69,91,2
1678,22,69,91,1
1679,23,69,91,0
1680,0,70,92,0
1681,1,70,92,0
1682,2,70,92,0
1683,3,70,92,0
1684,4,70,92,0
1685,5,70,92,1
1686,6,70,92,6
1687,7,70,92,7
1688,8,70,92,7
1689,9,70,92,8
1690,10,70,92,4
1691,11,70,92,7
1692,12,70,92,11
1693,13,70,92,8
1694,14,70,92,2
1695,15,70,92,5
1696,16,70,92,2
1697,17,70,92,4
1698,18,70,92,5
1699,19,70,92,1
1700,20,70,92,4
1701,21,70,92,0
1702,22,70,92,1
1703,23,70,92,0
1704,0,71,93,0
1705,1,71,93,0
1706,2,71,93,0
1707,3,71,93,0
1708,4,71,93,0
1709,5,71,93,1
1710,6,71,93,5
1711,7,71,93,7
1712,8,71,93,15
1713,9,71,93,8
1714,10,71,93,9
1715,11,71,93,2
1716,12,71,93,5
1717,13,71,93,15
1718,14,71,93,3
1719,15,71,93,4
1720,16,71,93,3
1721,17,71,93,4
1722,18,71,93,4
1723,19,71,93,1
1724,20,71,93,0
1725,21,71,93,0
1726,22,71,93,1
1727,23,71,93,0
1728,0,72,94,0
1729,1,72,94,0
1730,2,72,94,0
1731,3,72,94,0
1732,4,72,94,0
1733,5,72,94,3
1734,6,72,94,4
1735,7,72,94,9
1736,8,72,94,13
1737,9,72,94,4
1738,10,72,94,5
1739,11,72,94,4
1740,12,72,94,13
1741,13,72,94,5
1742,14,72,94,5
1743,15,72,94,3
1744,16,72,94,0
1745,17,72,94,3
1746,18,72,94,5
1747,19,72,94,1
1748,20,72,94,3
1749,21,72,94,0
1750,22,72,94,2
1751,23,72,94,0
1752,0,73,96,0
1753,1,73,96,0
1754,2,73,96,0
1755,3,73,96,0
1756,4,73,96,0
1757,5,73,96,1
1758,6,73,96,5
1759,7,73,96,6
1760,8,73,96,9
1761,9,73,96,9
1762,10,73,96,3
1763,11,73,96,5
1764,12,73,96,5
1765,13,73,96,5
1766,14,73,96,4
1767,15,73,96,8
1768,16,73,96,5
1769,17,73,96,4
1770,18,73,96,1
1771,19,73,96,3
1772,20,73,96,2
1773,21,73,96,0
1774,22,73,96,1
1775,23,73,96,0
1776,0,74,98,0
1777,1,74,98,0
1778,2,74,98,0
1779,3,74,98,0
1780,4,74,98,0
1781,5,74,98,1
1782,6,74,98,4
1783,7,74,98,8
1784,8,74,98,11
1785,9,74,98,5
1786,10,74,98,5
1787,11,74,98,5
1788,12,74,98,9
1789,13,74,98,10
1790,14,74,98,6
1791,15,74,98,3
1792,16,74,98,5
1793,17,74,98,5
1794,18,74,98,2
1795,19,74,98,3
1796,20,74,98,0
1797,21,74,98,0
1798,22,74,98,0
1799,23,74,98,0
1800,0,75,99,0
1801,1,75,99,0
1802,2,75,99,0
1803,3,75,99,0
1804,4,75,99,0
1805,5,75,99,1
1806,6,75,99,3
1807,7,75,99,9
1808,8,75,99,12
1809,9,75,99,3
1810,10,75,99,4
1811,11,75,99,6
1812,12,75,99,9
1813,13,75,99,9
1814,14,75,99,1
1815,15,75,99,3
1816,16,75,99,1
1817,17,75,99,0
1818,18,75,99,3
1819,19,75,99,2
1820,20,75,99,0
1821,21,75,99,0
1822,22,75,99,2
1823,23,75,99,0
1824,0,76,100,0
1825,1,76,100,0
1826,2,76,100,0
1827,3,76,100,0
1828,4,76,100,0
1829,5,76,100,1
1830,6,76,100,5
1831,7,76,100,11
1832,8,76,100,10
1833,9,76,100,3
1834,10,76,100,4
1835,11,76,100,3
1836,12,76,100,6
1837,13,76,100,6
1838,14,76,100,4
1839,15,76,100,2
1840,16,76,100,2
1841,17,76,100,0
1842,18,76,100,1
1843,19,76,100,1
1844,20,76,100,0
1845,21,76,100,0
1846,22,76,100,1
1847,23,76,100,0
1848,0,77,102,0
1849,1,77,102,0
1850,2,77,102,0
1851,3,77,102,0
1852,4,77,102,0
1853,5,77,102,2
1854,6,77,102,2
1855,7,77,102,6
1856,8,77,102,13
1857,9,77,102,12
1858,10,77,102,9
1859,11,77,102,1
1860,12,77,102,5
1861,13,77,102,9
1862,14,77,102,7
1863,15,77,102,3
1864,16,77,102,1
1865,17,77,102,4
1866,18,77,102,1
1867,19,77,102,2
1868,20,77,102,0
1869,21,77,102,1
1870,22,77,102,1
1871,23,77,102,0
1872,0,78,103,0
1873,1,78,103,0
1874,2,78,103,0
1875,3,78,103,0
1876,4,78,103,0
1877,5,78,103,1
1878,6,78,103,2
1879,7,78,103,8
1880,8,78,103,16
1881,9,78,103,2
1882,10,78,103,7
1883,11,78,103,3
1884,12,78,103,5
1885,13,78,103,8
1886,14,78,103,7
1887,15,78,103,5
1888,16,78,103,1
1889,17,78,103,4
1890,18,78,103,2
1891,19,78,103,3
1892,20,78,103,0
1893,21,78,103,1
1894,22,78,103,1
1895,23,78,103,2
1896,0,79,104,0
1897,1,79,104,0
1898,2,79,104,0
1899,3,79,104,0
1900,4,79,104,0
1901,5,79,104,0
1902,6,79,104,1
1903,7,79,104,8
1904,8,79,104,8
1905,9,79,104,7
1906,10,79,104,5
1907,11,79,104,7
1908,12,79,104,1
1909,13,79,104,10
1910,14,79,104,5
1911,15,79,104,3
1912,16,79,104,4
1913,17,79,104,0
1914,18,79,104,5
1915,19,79,104,1
1916,20,79,104,1
1917,21,79,104,1
1918,22,79,104,0
1919,23,79,104,2
1920,0,80,105,0
1921,1,80,105,0
1922,2,80,105,0
1923,3,80,105,0
1924,4,80,105,0
1925,5,80,105,0
1926,6,80,105,0
1927,7,80,105,1
1928,8,80,105,1
1929,9,80,105,2
1930,10,80,105,3
1931,11,80,105,1
1932,12,80,105,3
1933,13,80,105,2
1934,14,80,105,1
1935,15,80,105,1
1936,16,80,105,1
1937,17,80,105,1
1938,18,80,105,3
1939,19,80,105,1
1940,20,80,105,1
1941,21,80,105,0
1942,22,80,105,0
1943,23,80,105,0
1944,0,81,106,0
1945,1,81,106,0
1946,2,81,106,0
1947,3,81,106,0
1948,4,81,106,0
1949,5,81,106,0
1950,6,81,106,3
1951,7,81,106,7
1952,8,81,106,8
1953,9,81,106,6
1954,10,81,106,6
1955,11,81,106,9
1956,12,81,106,5
1957,13,81,106,6
1958,14,81,106,4
1959,15,81,106,6
1960,16,81,106,2
1961,17,81,106,5
1962,18,81,106,4
1963,19,81,106,1
1964,20,81,106,1
1965,21,81,106,2
1966,22,81,106,1
1967,23,81,106,1
1968,0,82,107,0
1969,1,82,107,0
1970,2,82,107,0
1971,3,82,107,0
1972,4,82,107,0
1973,5,82,107,0
1974,6,82,107,5
1975,7,82,107,8
1976,8,82,107,9
1977,9,82,107,8
1978,10,82,107,6
1979,11,82,107,4
1980,12,82,107,5
1981,13,82,107,9
1982,14,82,107,1
1983,15,82,107,3
1984,16,82,107,2
1985,17,82,107,1
1986,18,82,107,1
1987,19,82,107,3
1988,20,82,107,3
1989,21,82,107,0
1990,22,82,107,2
1991,23,82,107,1
1992,0,83,108,0
1993,1,83,108,0
1994,2,83,108,0
1995,3,83,108,0
1996,4,83,108,0
1997,5,83,108,0
1998,6,83,108,4
1999,7,83,108,10
2000,8,83,108,10
2001,9,83,108,7
2002,10,83,108,6
2003,11,83,108,4
2004,12,83,108,6
2005,13,83,108,13
2006,14,83,108,5
2007,15,83,108,4
2008,16,83,108,3
2009,17,83,108,5
2010,18,83,108,5
2011,19,83,108,3
2012,20,83,108,5
2013,21,83,108,2
2014,22,83,108,1
2015,23,83,108,1
2016,0,84,109,0
2017,1,84,109,0
2018,2,84,109,0
2019,3,84,109,0
2020,4,84,109,0
2021,5,84,109,0
2022,6,84,109,5
2023,7,84,109,9
2024,8,84,109,10
2025,9,84,109,3
2026,10,84,109,6
2027,11,84,109,7
2028,12,84,109,5
2029,13,84,109,5
2030,14,84,109,3
2031,15,84,109,0
2032,16,84,109,6
2033,17,84,109,4
2034,18,84,109,2
2035,19,84,109,4
2036,20,84,109,1
2037,21,84,109,0
2038,22,84,109,0
2039,23,84,109,1
2040,0,85,110,0
2041,1,85,110,0
2042,2,85,110,0
2043,3,85,110,0
2044,4,85,110,0
2045,5,85,110,0
2046,6,85,110,6
2047,7,85,110,7
2048,8,85,110,13
2049,9,85,110,3
2050,10,85,110,3
2051,11,85,110,3
2052,12,85,110,5
2053,13,85,110,4
2054,14,85,110,7
2055,15,85,110,2
2056,16,85,110,2
2057,17,85,110,2
2058,18,85,110,3
2059,19,85,110,2
2060,20,85,110,2
2061,21,85,110,1
2062,22,85,110,1
2063,23,85,110,0
2064,0,86,111,0
2065,1,86,111,0
2066,2,86,111,0
2067,3,86,111,0
2068,4,86,111,0
2069,5,86,111,0
2070,6,86,111,7
2071,7,86,111,5
2072,8,86,111,8
2073,9,86,111,9
2074,10,86,111,5
2075,11,86,111,2
2076,12,86,111,8
2077,13,86,111,6
2078,14,86,111,4
2079,15,86,111,4
2080,16,86,111,1
2081,17,86,111,4
2082,18,86,111,5
2083,19,86,111,4
2084,20,86,111,2
2085,21,86,111,0
2086,22,86,111,1
2087,23,86,111,1
2088,0,87,113,0
2089,1,87,113,0
2090,2,87,113,0
2091,3,87,113,0
2092,4,87,113,0
2093,5,87,113,1
2094,6,87,113,10
2095,7,87,113,8
2096,8,87,113,10
2097,9,87,113,5
2098,10,87,113,5
2099,11,87,113,3
2100,12,87,113,7
2101,13,87,113,8
2102,14,87,113,4
2103,15,87,113,5
2104,16,87,113,1
2105,17,87,113,4
2106,18,87,113,3
2107,19,87,113,1
2108,20,87,113,3
2109,21,87,113,1
2110,22,87,113,3
2111,23,87,113,0
2112,0,88,114,0
2113,1,88,114,0
2114,2,88,114,0
2115,3,88,114,0
2116,4,88,114,0
2117,5,88,114,0
2118,6,88,114,5
2119,7,88,114,7
2120,8,88,114,8
2121,9,88,114,6
2122,10,88,114,8
2123,11,88,114,6
2124,12,88,114,4
2125,13,88,114,2
2126,14,88,114,4
2127,15,88,114,4
2128,16,88,114,2
2129,17,88,114,3
2130,18,88,114,5
2131,19,88,114,3
2132,20,88,114,2
2133,21,88,114,0
2134,22,88,114,1
2135,23,88,114,2
2136,0,89,115,0
2137,1,89,115,0
2138,2,89,115,0
2139,3,89,115,0
2140,4,89,115,0
2141,5,89,115,1
2142,6,89,115,4
2143,7,89,115,10
2144,8,89,115,6
2145,9,89,115,5
2146,10,89,115,4
2147,11,89,115,2
2148,12,89,115,4
2149,13,89,115,4
2150,14,89,115,8
2151,15,89,115,5
2152,16,89,115,3
2153,17,89,115,4
2154,18,89,115,4
2155,19,89,115,4
2156,20,89,115,2
2157,21,89,115,0
2158,22,89,115,0
2159,23,89,115,1
2160,0,90,117,0
2161,1,90,117,0
2162,2,90,117,0
2163,3,90,117,0
2164,4,90,117,0
2165,5,90,117,2
2166,6,90,117,4
2167,7,90,117,5
2168,8,90,117,8
2169,9,90,117,8
2170,10,90,117,3
2171,11,90,117,6
2172,12,90,117,10
2173,13,90,117,11
2174,14,90,117,6
2175,15,90,117,4
2176,16,90,117,4
2177,17,90,117,2
2178,18,90,117,3
2179,19,90,117,3
2180,20,90,117,1
2181,21,90,117,0
2182,22,90,117,2
2183,23,90,117,2
2184,0,91,118,0
2185,1,91,118,0
2186,2,91,118,0
2187,3,91,118,0
2188,4,91,118,0
2189,5,91,118,1
2190,6,91,118,8
2191,7,91,118,9
2192,8,91,118,2
2193,9,91,118,7
2194,10,91,118,4
2195,11,91,118,8
2196,12,91,118,7
2197,13,91,118,5
2198,14,91,118,8
2199,15,91,118,5
2200,16,91,118,3
2201,17,91,118,3
2202,18,91,118,3
2203,19,91,118,2
2204,20,91,118,4
2205,21,91,118,1
2206,22,91,118,1
2207,23,91,118,1
2208,0,92,119,0
2209,1,92,119,0
2210,2,92,119,0
2211,3,92,119,0
2212,4,92,119,0
2213,5,92,119,4
2214,6,92,119,6
2215,7,92,119,8
2216,8,92,119,5
2217,9,92,119,6
2218,10,92,119,6
2219,11,92,119,7
2220,12,92,119,8
2221,13,92,119,7
2222,14,92,119,3
2223,15,92,119,5
2224,16,92,119,7
2225,17,92,119,2
2226,18,92,119,1
2227,19,92,119,3
2228,20,92,119,1
2229,21,92,119,0
2230,22,92,119,0
2231,23,92,119,2
2232,0,93,120,0
2233,1,93,120,0
2234,2,93,120,0
2235,3,93,120,0
2236,4,93,120,0
2237,5,93,120,1
2238,6,93,120,5
2239,7,93,120,7
2240,8,93,120,8
2241,9,93,120,14
2242,10,93,120,3
2243,11,93,120,6
2244,12,93,120,11
2245,13,93,120,6
2246,14,93,120,3
2247,15,93,120,7
2248,16,93,120,2
2249,17,93,120,3
2250,18,93,120,2
2251,19,93,120,3
2252,20,93,120,2
2253,21,93,120,2
2254,22,93,120,2
2255,23,93,120,1
2256,0,94,121,0
2257,1,94,121,0
2258,2,94,121,0
2259,3,94,121,0
2260,4,94,121,0
2261,5,94,121,1
2262,6,94,121,9
2263,7,94,121,11
2264,8,94,121,15
2265,9,94,121,8
2266,10,94,121,1
2267,11,94,121,5
2268,12,94,121,7
2269,13,94,121,4
2270,14,94,121,4
2271,15,94,121,4
2272,16,94,121,2
2273,17,94,121,5
2274,18,94,121,4
2275,19,94,121,3
2276,20,94,121,1
2277,21,94,121,3
2278,22,94,121,0
2279,23,94,121,2
2280,0,95,122,1
2281,1,95,122,0
2282,2,95,122,0
2283,3,95,122,0
2284,4,95,122,0
2285,5,95,122,1
2286,6,95,122,6
2287,7,95,122,12
2288,8,95,122,11
2289,9,95,122,8
2290,10,95,122,5
2291,11,95,122,2
2292,12,95,122,10
2293,13,95,122,6
2294,14,95,122,6
2295,15,95,122,6
2296,16,95,122,7
2297,17,95,122,4
2298,18,95,122,7
2299,19,95,122,4
2300,20,95,122,1
2301,21,95,122,0
2302,22,95,122,1
2303,23,95,122,0
2304,0,96,123,1
2305,1,96,123,0
2306,2,96,123,0
2307,3,96,123,0
2308,4,96,123,0
2309,5,96,123,1
2310,6,96,123,6
2311,7,96,123,8
2312,8,96,123,9
2313,9,96,123,10
2314,10,96,123,4
2315,11,96,123,7
2316,12,96,123,6
2317,13,96,123,3
2318,14,96,123,7
2319,15,96,123,9
2320,16,96,123,4
2321,17,96,123,3
2322,18,96,123,4
2323,19,96,123,7
2324,20,96,123,1
2325,21,96,123,0
2326,22,96,123,2
2327,23,96,123,0
2328,0,97,124,0
2329,1,97,124,0
2330,2,97,124,0
2331,3,97,124,0
2332,4,97,124,0
2333,5,97,124,0
2334,6,97,124,1
2335,7,97,124,9
2336,8,97,124,11
2337,9,97,124,5
2338,10,97,124,1
2339,11,97,124,8
2340,12,97,124,4
2341,13,97,124,7
2342,14,97,124,3
2343,15,97,124,8
2344,16,97,124,3
2345,17,97,124,3
2346,18,97,124,4
2347,19,97,124,3
2348,20,97,124,0
2349,21,97,124,0
2350,22,97,124,2
2351,23,97,124,0
2352,0,98,125,0
2353,1,98,125,0
2354,2,98,125,0
2355,3,98,125,0
2356,4,98,125,0
2357,5,98,125,0
2358,6,98,125,6
2359,7,98,125,7
2360,8,98,125,16
2361,9,98,125,5
2362,10,98,125,3
2363,11,98,125,5
2364,12,98,125,7
2365,13,98,125,6
2366,14,98,125,5
2367,15,98,125,7
2368,16,98,125,2
2369,17,98,125,4
2370,18,98,125,0
2371,19,98,125,4
2372,20,98,125,2
2373,21,98,125,3
2374,22,98,125,4
2375,23,98,125,0
2376,0,99,126,0
2377,1,99,126,0
2378,2,99,126,0
2379,3,99,126,0
2380,4,99,126,0
2381,5,99,126,0
2382,6,99,126,5
2383,7,99,126,15
2384,8,99,126,8
2385,9,99,126,5
2386,10,99,126,9
2387,11,99,126,6
2388,12,99,126,7
2389,13,99,126,4
2390,14,99,126,5
2391,15,99,126,4
2392,16,99,126,4
2393,17,99,126,4
2394,18,99,126,7
2395,19,99,126,1
2396,20,99,126,1
2397,21,99,126,1
2398,22,99,126,1
2399,23,99,126,1
2400,0,100,127,0
2401,1,100,127,0
2402,2,100,127,0
2403,3,100,127,0
2404,4,100,127,0
2405,5,100,127,1
2406,6,100,127,8
2407,7,100,127,14
2408,8,100,127,7
2409,9,100,127,7
2410,10,100,127,4
2411,11,100,127,8
2412,12,100,127,13
2413,13,100,127,9
2414,14,100,127,7
2415,15,100,127,6
2416,16,100,127,1
2417,17,100,127,4
2418,18,100,127,3
2419,19,100,127,5
2420,20,100,127,3
2421,21,100,127,0
2422,22,100,127,2
2423,23,100,127,1
2424,0,101,128,0
2425,1,101,128,1
2426,2,101,128,0
2427,3,101,128,0
2428,4,101,128,0
2429,5,101,128,1
2430,6,101,128,13
2431,7,101,128,7
2432,8,101,128,12
2433,9,101,128,7
2434,10,101,128,5
2435,11,101,128,7
2436,12,101,128,7
2437,13,101,128,7
2438,14,101,128,9
2439,15,101,128,7
2440,16,101,128,4
2441,17,101,128,3
2442,18,101,128,3
2443,19,101,128,2
2444,20,101,128,4
2445,21,101,128,2
2446,22,101,128,1
2447,23,101,128,1
2448,0,102,129,0
2449,1,102,129,0
2450,2,102,129,0
2451,3,102,129,0
2452,4,102,129,0
2453,5,102,129,1
2454,6,102,129,6
2455,7,102,129,13
2456,8,102,129,4
2457,9,102,129,6
2458,10,102,129,3
2459,11,102,129,6
2460,12,102,129,4
2461,13,102,129,9
2462,14,102,129,8
2463,15,102,129,5
2464,16,102,129,3
2465,17,102,129,5
2466,18,102,129,2
2467,19,102,129,1
2468,20,102,129,4
2469,21,102,129,1
2470,22,102,129,1
2471,23,102,129,3
2472,0,103,130,0
2473,1,103,130,0
2474,2,103,130,0
2475,3,103,130,0
2476,4,103,130,0
2477,5,103,130,1
2478,6,103,130,3
2479,7,103,130,8
2480,8,103,130,15
2481,9,103,130,5
2482,10,103,130,3
2483,11,103,130,5
2484,12,103,130,6
2485,13,103,130,4
2486,14,103,130,7
2487,15,103,130,6
2488,16,103,130,4
2489,17,103,130,3
2490,18,103,130,2
2491,19,103,130,0
2492,20,103,130,3
2493,21,103,130,1
2494,22,103,130,2
2495,23,103,130,1
2496,0,104,131,0
2497,1,104,131,0
2498,2,104,131,0
2499,3,104,131,0
2500,4,104,131,0
2501,5,104,131,2
2502,6,104,131,4
2503,7,104,131,9
2504,8,104,131,11
2505,9,104,131,9
2506,10,104,131,5
2507,11,104,131,3
2508,12,104,131,7
2509,13,104,131,2
2510,14,104,131,6
2511,15,104,131,6
2512,16,104,131,0
2513,17,104,131,3
2514,18,104,131,2
2515,19,104,131,3
2516,20,104,131,3
2517,21,104,131,3
2518,22,104,131,1
2519,23,104,131,3
2520,0,105,132,0
2521,1,105,132,0
2522,2,105,132,0
2523,3,105,132,0
2524,4,105,132,0
2525,5,105,132,0
2526,6,105,132,0
2527,7,105,132,1
2528,8,105,132,2
2529,9,105,132,3
2530,10,105,132,2
2531,11,105,132,3
2532,12,105,132,1
2533,13,105,132,1
2534,14,105,132,3
2535,15,105,132,1
2536,16,105,132,3
2537,17,105,132,1
2538,18,105,132,0
2539,19,105,132,1
2540,20,105,132,2
2541,21,105,132,0
2542,22,105,132,0
2543,23,105,132,3
2544,0,106,134,0
2545,1,106,134,0
2546,2,106,134,0
2547,3,106,134,0
2548,4,106,134,0
2549,5,106,134,3
2550,6,106,134,3
2551,7,106,134,5
2552,8,106,134,13
2553,9,106,134,1
2554,10,106,134,4
2555,11,106,134,3
2556,12,106,134,6
2557,13,106,134,7
2558,14,106,134,2
2559,15,106,134,3
2560,16,106,134,3
2561,17,106,134,4
2562,18,106,134,5
2563,19,106,134,3
2564,20,106,134,2
2565,21,106,134,1
2566,22,106,134,2
2567,23,106,134,2
2568,0,107,135,0
2569,1,107,135,0
2570,2,107,135,0
2571,3,107,135,0
2572,4,107,135,0
2573,5,107,135,2
2574,6,107,135,8
2575,7,107,135,10
2576,8,107,135,7
2577,9,107,135,8
2578,10,107,135,2
2579,11,107,135,7
2580,12,107,135,2
2581,13,107,135,9
2582,14,107,135,5
2583,15,107,135,5
2584,16,107,135,1
2585,17,107,135,3
2586,18,107,135,2
2587,19,107,135,3
2588,20,107,135,3
2589,21,107,135,1
2590,22,107,135,1
2591,23,107,135,0
2592,0,108,136,0
2593,1,108,136,0
2594,2,108,136,0
2595,3,108,136,0
2596,4,108,136,0
2597,5,108,136,2
2598,6,108,136,7
2599,7,108,136,9
2600,8,108,136,11
2601,9,108,136,2
2602,10,108,136,6
2603,11,108,136,5
2604,12,108,136,8
2605,13,108,136,6
2606,14,108,136,6
2607,15,108,136,10
2608,16,108,136,1
2609,17,108,136,4
2610,18,108,136,5
2611,19,108,136,2
2612,20,108,136,1
2613,21,108,136,0
2614,22,108,136,3
2615,23,108,136,2
2616,0,109,137,0
2617,1,109,137,0
2618,2,109,137,0
2619,3,109,137,0
2620,4,109,137,0
2621,5,109,137,1
2622,6,109,137,6
2623,7,109,137,7
2624,8,109,137,9
2625,9,109,137,5
2626,10,109,137,7
2627,11,109,137,3
2628,12,109,137,8
2629,13,109,137,8
2630,14,109,137,7
2631,15,109,137,7
2632,16,109,137,4
2633,17,109,137,2
2634,18,109,137,4
2635,19,109,137,3
2636,20,109,137,1
2637,21,109,137,1
2638,22,109,137,0
2639,23,109,137,3
2640,0,110,138,1
2641,1,110,138,0
2642,2,110,138,0
2643,3,110,138,1
2644,4,110,138,0
2645,5,110,138,0
2646,6,110,138,7
2647,7,110,138,8
2648,8,110,138,11
2649,9,110,138,3
2650,10,110,138,6
2651,11,110,138,3
2652,12,110,138,9
2653,13,110,138,10
2654,14,110,138,5
2655,15,110,138,7
2656,16,110,138,5
2657,17,110,138,3
2658,18,110,138,4
2659,19,110,138,2
2660,20,110,138,1
2661,21,110,138,0
2662,22,110,138,2
2663,23,110,138,1
2664,0,111,139,1
2665,1,111,139,0
2666,2,111,139,0
2667,3,111,139,0
2668,4,111,139,0
2669,5,111,139,2
2670,6,111,139,7
2671,7,111,139,7
2672,8,111,139,5
2673,9,111,139,7
2674,10,111,139,3
2675,11,111,139,4
2676,12,111,139,4
2677,13,111,139,5
2678,14,111,139,5
2679,15,111,139,7
2680,16,111,139,3
2681,17,111,139,3
2682,18,111,139,5
2683,19,111,139,2
2684,20,111,139,2
2685,21,111,139,0
2686,22,111,139,3
2687,23,111,139,3
2688,0,112,142,0
2689,1,112,142,1
2690,2,112,142,0
2691,3,112,142,0
2692,4,112,142,0
2693,5,112,142,1
2694,6,112,142,6
2695,7,112,142,6
2696,8,112,142,8
2697,9,112,142,7
2698,10,112,142,4
2699,11,112,142,3
2700,12,112,142,8
2701,13,112,142,6
2702,14,112,142,7
2703,15,112,142,4
2704,16,112,142,5
2705,17,112,142,2
2706,18,112,142,8
2707,19,112,142,3
2708,20,112,142,1
2709,21,112,142,3
2710,22,112,142,1
2711,23,112,142,2
2712,0,113,143,1
2713,1,113,143,0
2714,2,113,143,0
2715,3,113,143,0
2716,4,113,143,0
2717,5,113,143,1
2718,6,113,143,7
2719,7,113,143,6
2720,8,113,143,9
2721,9,113,143,7
2722,10,113,143,8
2723,11,113,143,3
2724,12,113,143,10
2725,13,113,143,12
2726,14,113,143,6
2727,15,113,143,6
2728,16,113,143,2
2729,17,113,143,5
2730,18,113,143,2
2731,19,113,143,1
2732,20,113,143,1
2733,21,113,143,1
2734,22,113,143,3
2735,23,113,143,0
2736,0,114,144,0
2737,1,114,144,0
2738,2,114,144,0
2739,3,114,144,0
2740,4,114,144,0
2741,5,114,144,1
2742,6,114,144,7
2743,7,114,144,5
2744,8,114,144,8
2745,9,114,144,7
2746,10,114,144,4
2747,11,114,144,3
2748,12,114,144,5
2749,13,114,144,1
2750,14,114,144,6
2751,15,114,144,8
2752,16,114,144,1
2753,17,114,144,2
2754,18,114,144,3
2755,19,114,144,7
2756,20,114,144,6
2757,21,114,144,4
2758,22,114,144,2
2759,23,114,144,2
2760,0,115,146,0
2761,1,115,146,0
2762,2,115,146,0
2763,3,115,146,0
2764,4,115,146,0
2765,5,115,146,0
2766,6,115,146,1
2767,7,115,146,5
2768,8,115,146,5
2769,9,115,146,8
2770,10,115,146,2
2771,11,115,146,4
2772,12,115,146,2
2773,13,115,146,3
2774,14,115,146,1
2775,15,115,146,2
2776,16,115,146,3
2777,17,115,146,2
2778,18,115,146,3
2779,19,115,146,1
2780,20,115,146,1
2781,21,115,146,1
2782,22,115,146,1
2783,23,115,146,0
2784,0,116,147,0
2785,1,116,147,0
2786,2,116,147,0
2787,3,116,147,0
2788,4,116,147,0
2789,5,116,147,0
2790,6,116,147,5
2791,7,116,147,7
2792,8,116,147,9
2793,9,116,147,10
2794,10,116,147,4
2795,11,116,147,7
2796,12,116,147,2
2797,13,116,147,6
2798,14,116,147,6
2799,15,116,147,4
2800,16,116,147,2
2801,17,116,147,3
2802,18,116,147,2
2803,19,116,147,1
2804,20,116,147,1
2805,21,116,147,3
2806,22,116,147,1
2807,23,116,147,4
2808,0,117,148,0
2809,1,117,148,0
2810,2,117,148,0
2811,3,117,148,0
2812,4,117,148,0
2813,5,117,148,0
2814,6,117,148,7
2815,7,117,148,7
2816,8,117,148,11
2817,9,117,148,4
2818,10,117,148,4
2819,11,117,148,7
2820,12,117,148,7
2821,13,117,148,4
2822,14,117,148,8
2823,15,117,148,7
2824,16,117,148,1
2825,17,117,148,4
2826,18,117,148,8
2827,19,117,148,2
2828,20,117,148,0
2829,21,117,148,2
2830,22,117,148,5
2831,23,117,148,0
2832,0,118,149,0
2833,1,118,149,0
2834,2,118,149,0
2835,3,118,149,0
2836,4,118,149,0
2837,5,118,149,1
2838,6,118,149,1
2839,7,118,149,9
2840,8,118,149,11
2841,9,118,149,5
2842,10,118,149,0
2843,11,118,149,5
2844,12,118,149,7
2845,13,118,149,7
2846,14,118,149,8
2847,15,118,149,3
2848,16,118,149,5
2849,17,118,149,2
2850,18,118,149,7
2851,19,118,149,3
2852,20,118,149,1
2853,21,118,149,1
2854,22,118,149,4
2855,23,118,149,1
2856,0,119,151,0
2857,1,119,151,0
2858,2,119,151,0
2859,3,119,151,0
2860,4,119,151,0
2861,5,119,151,1
2862,6,119,151,9
2863,7,119,151,11
2864,8,119,151,8
2865,9,119,151,4
2866,10,119,151,5
2867,11,119,151,5
2868,12,119,151,8
2869,13,119,151,6
2870,14,119,151,7
2871,15,119,151,6
2872,16,119,151,2
2873,17,119,151,2
2874,18,119,151,6
2875,19,119,151,5
2876,20,119,151,1
2877,21,119,151,1
2878,22,119,151,3
2879,23,119,151,1
2880,0,120,152,0
2881,1,120,152,0
2882,2,120,152,0
2883,3,120,152,0
2884,4,120,152,0
2885,5,120,152,1
2886,6,120,152,5
2887,7,120,152,11
2888,8,120,152,7
2889,9,120,152,8
2890,10,120,152,8
2891,11,120,152,6
2892,12,120,152,7
2893,13,120,152,9
2894,14,120,152,8
2895,15,120,152,9
2896,16,120,152,1
2897,17,120,152,2
2898,18,120,152,3
2899,19,120,152,5
2900,20,120,152,2
2901,21,120,152,1
2902,22,120,152,2
2903,23,120,152,1
2904,0,121,153,1
2905,1,121,153,0
2906,2,121,153,0
2907,3,121,153,0
2908,4,121,153,0
2909,5,121,153,2
2910,6,121,153,4
2911,7,121,153,10
2912,8,121,153,13
2913,9,121,153,2
2914,10,121,153,3
2915,11,121,153,3
2916,12,121,153,6
2917,13,121,153,5
2918,14,121,153,7
2919,15,121,153,8
2920,16,121,153,3
2921,17,121,153,3
2922,18,121,153,2
2923,19,121,153,3
2924,20,121,153,1
2925,21,121,153,2
2926,22,121,153,1
2927,23,121,153,3
2928,0,122,154,0
2929,1,122,154,0
2930,2,122,154,0
2931,3,122,154,0
2932,4,122,154,0
2933,5,122,154,1
2934,6,122,154,3
2935,7,122,154,5
2936,8,122,154,14
2937,9,122,154,2
2938,10,122,154,4
2939,11,122,154,3
2940,12,122,154,12
2941,13,122,154,4
2942,14,122,154,7
2943,15,122,154,3
2944,16,122,154,1
2945,17,122,154,1
2946,18,122,154,5
2947,19,122,154,2
2948,20,122,154,2
2949,21,122,154,3
2950,22,122,154,1
2951,23,122,154,2
2952,0,123,155,0
2953,1,123,155,0
2954,2,123,155,0
2955,3,123,155,0
2956,4,123,155,0
2957,5,123,155,1
2958,6,123,155,5
2959,7,123,155,10
2960,8,123,155,11
2961,9,123,155,3
2962,10,123,155,4
2963,11,123,155,1
2964,12,123,155,7
2965,13,123,155,3
2966,14,123,155,8
2967,15,123,155,2
2968,16,123,155,3
2969,17,123,155,3
2970,18,123,155,6
2971,19,123,155,3
2972,20,123,155,0
2973,21,123,155,0
2974,22,123,155,1
2975,23,123,155,1
2976,0,124,156,0
2977,1,124,156,0
2978,2,124,156,0
2979,3,124,156,0
2980,4,124,156,0
2981,5,124,156,0
2982,6,124,156,3
2983,7,124,156,13
2984,8,124,156,15
2985,9,124,156,6
2986,10,124,156,2
2987,11,124,156,4
2988,12,124,156,9
2989,13,124,156,7
2990,14,124,156,6
2991,15,124,156,6
2992,16,124,156,3
2993,17,124,156,3
2994,18,124,156,5
2995,19,124,156,3
2996,20,124,156,3
2997,21,124,156,1
2998,22,124,156,1
2999,23,124,156,4
3000,0,125,157,0
3001,1,125,157,0
3002,2,125,157,0
3003,3,125,157,0
3004,4,125,157,0
3005,5,125,157,1
3006,6,125,157,2
3007,7,125,157,9
3008,8,125,157,15
3009,9,125,157,5
3010,10,125,157,1
3011,11,125,157,5
3012,12,125,157,10
3013,13,125,157,7
3014,14,125,157,5
3015,15,125,157,2
3016,16,125,157,4
3017,17,125,157,3
3018,18,125,157,7
3019,19,125,157,4
3020,20,125,157,1
3021,21,125,157,2
3022,22,125,157,3
3023,23,125,157,1
3024,0,126,159,0
3025,1,126,159,0
3026,2,126,159,0
3027,3,126,159,0
3028,4,126,159,0
3029,5,126,159,1
3030,6,126,159,4
3031,7,126,159,6
3032,8,126,159,12
3033,9,126,159,5
3034,10,126,159,6
3035,11,126,159,4
3036,12,126,159,6
3037,13,126,159,6
3038,14,126,159,5
3039,15,126,159,11
3040,16,126,159,2
3041,17,126,159,3
3042,18,126,159,2
3043,19,126,159,1
3044,20,126,159,3
3045,21,126,159,1
3046,22,126,159,5
3047,23,126,159,3
3048,0,127,160,0
3049,1,127,160,0
3050,2,127,160,0
3051,3,127,160,0
3052,4,127,160,0
3053,5,127,160,2
3054,6,127,160,3
3055,7,127,160,10
3056,8,127,160,11
3057,9,127,160,3
3058,10,127,160,2
3059,11,127,160,2
3060,12,127,160,4
3061,13,127,160,5
3062,14,127,160,8
3063,15,127,160,5
3064,16,127,160,6
3065,17,127,160,3
3066,18,127,160,3
3067,19,127,160,2
3068,20,127,160,1
3069,21,127,160,3
3070,22,127,160,2
3071,23,127,160,0
3072,0,128,161,0
3073,1,128,161,0
3074,2,128,161,0
3075,3,128,161,0
3076,4,128,161,0
3077,5,128,161,1
3078,6,128,161,6
3079,7,128,161,11
3080,8,128,161,10
3081,9,128,161,8
3082,10,128,161,3
3083,11,128,161,6
3084,12,128,161,4
3085,13,128,161,4
3086,14,128,161,6
3087,15,128,161,10
3088,16,128,161,5
3089,17,128,161,4
3090,18,128,161,5
3091,19,128,161,3
3092,20,128,161,1
3093,21,128,161,1
3094,22,128,161,3
3095,23,128,161,1
3096,0,129,162,0
3097,1,129,162,0
3098,2,129,162,0
3099,3,129,162,0
3100,4,129,162,0
3101,5,129,162,0
3102,6,129,162,3
3103,7,129,162,6
3104,8,129,162,15
3105,9,129,162,8
3106,10,129,162,6
3107,11,129,162,11
3108,12,129,162,5
3109,13,129,162,7
3110,14,129,162,4
3111,15,129,162,7
3112,16,129,162,0
3113,17,129,162,2
3114,18,129,162,6
3115,19,129,162,4
3116,20,129,162,2
3117,21,129,162,2
3118,22,129,162,3
3119,23,129,162,1
3120,0,130,163,0
3121,1,130,163,0
3122,2,130,163,0
3123,3,130,163,0
3124,4,130,163,0
3125,5,130,163,1
3126,6,130,163,7
3127,7,130,163,11
3128,8,130,163,14
3129,9,130,163,4
3130,10,130,163,3
3131,11,130,163,4
3132,12,130,163,5
3133,13,130,163,10
3134,14,130,163,9
3135,15,130,163,7
3136,16,130,163,1
3137,17,130,163,7
3138,18,130,163,3
3139,19,130,163,2
3140,20,130,163,2
3141,21,130,163,0
3142,22,130,163,2
3143,23,130,163,2
3144,0,131,164,0
3145,1,131,164,0
3146,2,131,164,0
3147,3,131,164,0
3148,4,131,164,0
3149,5,131,164,2
3150,6,131,164,4
3151,7,131,164,8
3152,8,131,164,16
3153,9,131,164,1
3154,10,131,164,5
3155,11,131,164,6
3156,12,131,164,9
3157,13,131,164,6
3158,14,131,164,9
3159,15,131,164,9
3160,16,131,164,1
3161,17,131,164,3
3162,18,131,164,4
3163,19,131,164,4
3164,20,131,164,1
3165,21,131,164,5
3166,22,131,164,1
3167,23,131,164,1
3168,0,132,165,0
3169,1,132,165,0
3170,2,132,165,0
3171,3,132,165,0
3172,4,132,165,0
3173,5,132,165,1
3174,6,132,165,5
3175,7,132,165,13
3176,8,132,165,11
3177,9,132,165,3
3178,10,132,165,5
3179,11,132,165,3
3180,12,132,165,10
3181,13,132,165,6
3182,14,132,165,7
3183,15,132,165,5
3184,16,132,165,1
3185,17,132,165,1
3186,18,132,165,3
3187,19,132,165,4
3188,20,132,165,1
3189,21,132,165,4
3190,22,132,165,1
3191,23,132,165,1
3192,0,133,167,0
3193,1,133,167,0
3194,2,133,167,0
3195,3,133,167,0
3196,4,133,167,0
3197,5,133,167,2
3198,6,133,167,3
3199,7,133,167,11
3200,8,133,167,16
3201,9,133,167,6
3202,10,133,167,7
3203,11,133,167,4
3204,12,133,167,8
3205,13,133,167,7
3206,14,133,167,4
3207,15,133,167,5
3208,16,133,167,5
3209,17,133,167,5
3210,18,133,167,3
3211,19,133,167,1
3212,20,133,167,3
3213,21,133,167,0
3214,22,133,167,2
3215,23,133,167,2
3216,0,134,168,0
3217,1,134,168,0
3218,2,134,168,0
3219,3,134,168,0
3220,4,134,168,0
3221,5,134,168,1
3222,6,134,168,7
3223,7,134,168,10
3224,8,134,168,15
3225,9,134,168,1
3226,10,134,168,4
3227,11,134,168,4
3228,12,134,168,4
3229,13,134,168,10
3230,14,134,168,5
3231,15,134,168,6
3232,16,134,168,2
3233,17,134,168,1
3234,18,134,168,4
3235,19,134,168,2
3236,20,134,168,2
3237,21,134,168,0
3238,22,134,168,3
3239,23,134,168,0
3240,0,135,169,0
3241,1,135,169,0
3242,2,135,169,1
3243,3,135,169,0
3244,4,135,169,0
3245,5,135,169,0
3246,6,135,169,7
3247,7,135,169,9
3248,8,135,169,9
3249,9,135,169,5
3250,10,135,169,4
3251,11,135,169,5
3252,12,135,169,5
3253,13,135,169,7
3254,14,135,169,4
3255,15,135,169,4
3256,16,135,169,1
3257,17,135,169,4
3258,18,135,169,5
3259,19,135,169,5
3260,20,135,169,0
3261,21,135,169,1
3262,22,135,169,3
3263,23,135,169,2
3264,0,136,170,0
3265,1,136,170,0
3266,2,136,170,0
3267,3,136,170,0
3268,4,136,170,0
3269,5,136,170,2
3270,6,136,170,3
3271,7,136,170,7
3272,8,136,170,12
3273,9,136,170,4
3274,10,136,170,4
3275,11,136,170,6
3276,12,136,170,7
3277,13,136,170,5
3278,14,136,170,4
3279,15,136,170,4
3280,16,136,170,5
3281,17,136,170,1
3282,18,136,170,3
3283,19,136,170,1
3284,20,136,170,1
3285,21,136,170,2
3286,22,136,170,1
3287,23,136,170,1
3288,0,137,171,0
3289,1,137,171,0
3290,2,137,171,0
3291,3,137,171,0
3292,4,137,171,0
3293,5,137,171,0
3294,6,137,171,5
3295,7,137,171,11
3296,8,137,171,12
3297,9,137,171,6
3298,10,137,171,5
3299,11,137,171,3
3300,12,137,171,6
3301,13,137,171,8
3302,14,137,171,4
3303,15,137,171,6
3304,16,137,171,3
3305,17,137,171,4
3306,18,137,171,3
3307,19,137,171,2
3308,20,137,171,1
3309,21,137,171,1
3310,22,137,171,1
3311,23,137,171,2
3312,0,138,172,0
3313,1,138,172,0
3314,2,138,172,0
3315,3,138,172,0
3316,4,138,172,0
3317,5,138,172,1
3318,6,138,172,3
3319,7,138,172,9
3320,8,138,172,15
3321,9,138,172,9
3322,10,138,172,3
3323,11,138,172,3
3324,12,138,172,6
3325,13,138,172,7
3326,14,138,172,5
3327,15,138,172,8
3328,16,138,172,8
3329,17,138,172,2
3330,18,138,172,1
3331,19,138,172,4
3332,20,138,172,3
3333,21,138,172,1
3334,22,138,172,1
3335,23,138,172,2
3336,0,139,173,1
3337,1,139,173,0
3338,2,139,173,0
3339,3,139,173,0
3340,4,139,173,0
3341,5,139,173,1
3342,6,139,173,3
3343,7,139,173,12
3344,8,139,173,11
3345,9,139,173,6
3346,10,139,173,3
3347,11,139,173,4
3348,12,139,173,10
3349,13,139,173,7
3350,14,139,173,6
3351,15,139,173,2
3352,16,139,173,8
3353,17,139,173,2
3354,18,139,173,3
3355,19,139,173,1
3356,20,139,173,0
3357,21,139,173,0
3358,22,139,173,0
3359,23,139,173,4
3360,0,140,175,0
3361,1,140,175,0
3362,2,140,175,0
3363,3,140,175,0
3364,4,140,175,0
3365,5,140,175,0
3366,6,140,175,0
3367,7,140,175,1
3368,8,140,175,2
3369,9,140,175,5
3370,10,140,175,0
3371,11,140,175,7
3372,12,140,175,4
3373,13,140,175,3
3374,14,140,175,1
3375,15,140,175,3
3376,16,140,175,4
3377,17,140,175,1
3378,18,140,175,2
3379,19,140,175,0
3380,20,140,175,2
3381,21,140,175,1
3382,22,140,175,0
3383,23,140,175,0
3384,0,141,177,0
3385,1,141,177,0
3386,2,141,177,0
3387,3,141,177,0
3388,4,141,177,0
3389,5,141,177,0
3390,6,141,177,4
3391,7,141,177,8
3392,8,141,177,10
3393,9,141,177,5
3394,10,141,177,3
3395,11,141,177,2
3396,12,141,177,8
3397,13,141,177,5
3398,14,141,177,6
3399,15,141,177,2
3400,16,141,177,2
3401,17,141,177,5
3402,18,141,177,3
3403,19,141,177,2
3404,20,141,177,3
3405,21,141,177,1
3406,22,141,177,1
3407,23,141,177,4
3408,0,142,178,0
3409,1,142,178,0
3410,2,142,178,0
3411,3,142,178,0
3412,4,142,178,0
3413,5,142,178,0
3414,6,142,178,4
3415,7,142,178,10
3416,8,142,178,15
3417,9,142,178,8
3418,10,142,178,3
3419,11,142,178,3
3420,12,142,178,6
3421,13,142,178,6
3422,14,142,178,4
3423,15,142,178,6
3424,16,142,178,1
3425,17,142,178,8
3426,18,142,178,7
3427,19,142,178,2
3428,20,142,178,1
3429,21,142,178,0
3430,22,142,178,2
3431,23,142,178,4
3432,0,143,179,0
3433,1,143,179,0
3434,2,143,179,0
3435,3,143,179,0
3436,4,143,179,0
3437,5,143,179,0
3438,6,143,179,5
3439,7,143,179,10
3440,8,143,179,12
3441,9,143,179,2
3442,10,143,179,8
3443,11,143,179,5
3444,12,143,179,4
3445,13,143,179,11
3446,14,143,179,7
3447,15,143,179,8
3448,16,143,179,2
3449,17,143,179,5
3450,18,143,179,7
3451,19,143,179,4
3452,20,143,179,3
3453,21,143,179,2
3454,22,143,179,2
3455,23,143,179,3
3456,0,144,182,0
3457,1,144,182,0
3458,2,144,182,0
3459,3,144,182,0
3460,4,144,182,0
3461,5,144,182,5
3462,6,144,182,4
3463,7,144,182,6
3464,8,144,182,9
3465,9,144,182,7
3466,10,144,182,4
3467,11,144,182,3
3468,12,144,182,8
3469,13,144,182,9
3470,14,144,182,9
3471,15,144,182,5
3472,16,144,182,3
3473,17,144,182,1
3474,18,144,182,8
3475,19,144,182,3
3476,20,144,182,2
3477,21,144,182,1
3478,22,144,182,1
3479,23,144,182,4
3480,0,145,183,0
3481,1,145,183,0
3482,2,145,183,0
3483,3,145,183,0
3484,4,145,183,0
3485,5,145,183,1
3486,6,145,183,3
3487,7,145,183,11
3488,8,145,183,13
3489,9,145,183,5
3490,10,145,183,1
3491,11,145,183,8
3492,12,145,183,9
3493,13,145,183,11
3494,14,145,183,3
3495,15,145,183,5
3496,16,145,183,3
3497,17,145,183,5
3498,18,145,183,6
3499,19,145,183,3
3500,20,145,183,1
3501,21,145,183,0
3502,22,145,183,2
3503,23,145,183,3
3504,0,146,184,0
3505,1,146,184,0
3506,2,146,184,0
3507,3,146,184,0
3508,4,146,184,0
3509,5,146,184,1
3510,6,146,184,1
3511,7,146,184,8
3512,8,146,184,15
3513,9,146,184,7
3514,10,146,184,4
3515,11,146,184,9
3516,12,146,184,13
3517,13,146,184,6
3518,14,146,184,5
3519,15,146,184,1
3520,16,146,184,4
3521,17,146,184,3
3522,18,146,184,5
3523,19,146,184,8
3524,20,146,184,2
3525,21,146,184,1
3526,22,146,184,1
3527,23,146,184,3
3528,0,147,185,0
3529,1,147,185,0
3530,2,147,185,0
3531,3,147,185,0
3532,4,147,185,0
3533,5,147,185,0
3534,6,147,185,5
3535,7,147,185,10
3536,8,147,185,9
3537,9,147,185,4
3538,10,147,185,5
3539,11,147,185,6
3540,12,147,185,5
3541,13,147,185,9
3542,14,147,185,7
3543,15,147,185,5
3544,16,147,185,5
3545,17,147,185,6
3546,18,147,185,3
3547,19,147,185,3
3548,20,147,185,0
3549,21,147,185,1
3550,22,147,185,1
3551,23,147,185,1
3552,0,148,186,0
3553,1,148,186,0
3554,2,148,186,0
3555,3,148,186,0
3556,4,148,186,0
3557,5,148,186,1
3558,6,148,186,5
3559,7,148,186,13
3560,8,148,186,11
3561,9,148,186,0
3562,10,148,186,3
3563,11,148,186,7
3564,12,148,186,9
3565,13,148,186,9
3566,14,148,186,5
3567,15,148,186,4
3568,16,148,186,4
3569,17,148,186,10
3570,18,148,186,2
3571,19,148,186,3
3572,20,148,186,0
3573,21,148,186,0
3574,22,148,186,1
3575,23,148,186,3
3576,0,149,187,0
3577,1,149,187,1
3578,2,149,187,0
3579,3,149,187,0
3580,4,149,187,0
3581,5,149,187,2
3582,6,149,187,6
3583,7,149,187,15
3584,8,149,187,9
3585,9,149,187,5
3586,10,149,187,3
3587,11,149,187,6
3588,12,149,187,6
3589,13,149,187,9
3590,14,149,187,10
3591,15,149,187,4
3592,16,149,187,4
3593,17,149,187,5
3594,18,149,187,2
3595,19,149,187,2
3596,20,149,187,2
3597,21,149,187,3
3598,22,149,187,1
3599,23,149,187,3
3600,0,150,188,0
3601,1,150,188,0
3602,2,150,188,0
3603,3,150,188,1
3604,4,150,188,0
3605,5,150,188,1
3606,6,150,188,5
3607,7,150,188,11
3608,8,150,188,12
3609,9,150,188,3
3610,10,150,188,2
3611,11,150,188,9
3612,12,150,188,10
3613,13,150,188,8
3614,14,150,188,4
3615,15,150,188,8
3616,16,150,188,2
3617,17,150,188,5
3618,18,150,188,6
3619,19,150,188,2
3620,20,150,188,4
3621,21,150,188,0
3622,22,150,188,1
3623,23,150,188,2
3624,0,151,189,0
3625,1,151,189,0
3626,2,151,189,0
3627,3,151,189,0
3628,4,151,189,0
3629,5,151,189,0
3630,6,151,189,3
3631,7,151,189,12
3632,8,151,189,13
3633,9,151,189,5
3634,10,151,189,7
3635,11,151,189,3
3636,12,151,189,9
3637,13,151,189,8
3638,14,151,189,4
3639,15,151,189,3
3640,16,151,189,3
3641,17,151,189,4
3642,18,151,189,5
3643,19,151,189,2
3644,20,151,189,2
3645,21,151,189,0
3646,22,151,189,1
3647,23,151,189,3
3648,0,152,190,1
3649,1,152,190,0
3650,2,152,190,0
3651,3,152,190,0
3652,4,152,190,0
3653,5,152,190,2
3654,6,152,190,3
3655,7,152,190,10
3656,8,152,190,12
3657,9,152,190,4
3658,10,152,190,2
3659,11,152,190,4
3660,12,152,190,10
3661,13,152,190,8
3662,14,152,190,2
3663,15,152,190,3
3664,16,152,190,2
3665,17,152,190,8
3666,18,152,190,6
3667,19,152,190,3
3668,20,152,190,4
3669,21,152,190,1
3670,22,152,190,1
3671,23,152,190,1
3672,0,153,191,0
3673,1,153,191,0
3674,2,153,191,0
3675,3,153,191,0
3676,4,153,191,0
3677,5,153,191,1
3678,6,153,191,5
3679,7,153,191,9
3680,8,153,191,15
3681,9,153,191,2
3682,10,153,191,5
3683,11,153,191,3
3684,12,153,191,6
3685,13,153,191,7
3686,14,153,191,3
3687,15,153,191,7
3688,16,153,191,1
3689,17,153,191,4
3690,18,153,191,5
3691,19,153,191,1
3692,20,153,191,1
3693,21,153,191,2
3694,22,153,191,1
3695,23,153,191,3
3696,0,154,192,1
3697,1,154,192,0
3698,2,154,192,0
3699,3,154,192,0
3700,4,154,192,0
3701,5,154,192,1
3702,6,154,192,3
3703,7,154,192,10
3704,8,154,192,11
3705,9,154,192,5
3706,10,154,192,7
3707,11,154,192,2
3708,12,154,192,12
3709,13,154,192,7
3710,14,154,192,6
3711,15,154,192,2
3712,16,154,192,5
3713,17,154,192,7
3714,18,154,192,6
3715,19,154,192,4
3716,20,154,192,2
3717,21,154,192,0
3718,22,154,192,1
3719,23,154,192,1
3720,0,155,193,1
3721,1,155,193,0
3722,2,155,193,0
3723,3,155,193,0
3724,4,155,193,0
3725,5,155,193,1
3726,6,155,193,5
3727,7,155,193,8
3728,8,155,193,23
3729,9,155,193,2
3730,10,155,193,2
3731,11,155,193,7
3732,12,155,193,7
3733,13,155,193,7
3734,14,155,193,7
3735,15,155,193,6
3736,16,155,193,6
3737,17,155,193,2
3738,18,155,193,4
3739,19,155,193,3
3740,20,155,193,1
3741,21,155,193,0
3742,22,155,193,0
3743,23,155,193,2
3744,0,156,194,0
3745,1,156,194,0
3746,2,156,194,0
3747,3,156,194,0
3748,4,156,194,0
3749,5,156,194,1
3750,6,156,194,5
3751,7,156,194,8
3752,8,156,194,16
3753,9,156,194,3
3754,10,156,194,8
3755,11,156,194,6
3756,12,156,194,6
3757,13,156,194,7
3758,14,156,194,6
3759,15,156,194,4
3760,16,156,194,3
3761,17,156,194,7
3762,18,156,194,6
3763,19,156,194,5
3764,20,156,194,2
3765,21,156,194,1
3766,22,156,194,4
3767,23,156,194,1
3768,0,157,195,0
3769,1,157,195,0
3770,2,157,195,0
3771,3,157,195,0
3772,4,157,195,0
3773,5,157,195,2
3774,6,157,195,1
3775,7,157,195,13
3776,8,157,195,12
3777,9,157,195,3
3778,10,157,195,3
3779,11,157,195,6
3780,12,157,195,8
3781,13,157,195,2
3782,14,157,195,3
3783,15,157,195,7
3784,16,157,195,9
3785,17,157,195,7
3786,18,157,195,5
3787,19,157,195,0
3788,20,157,195,1
3789,21,157,195,0
3790,22,157,195,3
3791,23,157,195,3
3792,0,158,196,0
3793,1,158,196,0
3794,2,158,196,0
3795,3,158,196,0
3796,4,158,196,0
3797,5,158,196,1
3798,6,158,196,6
3799,7,158,196,16
3800,8,158,196,12
3801,9,158,196,9
3802,10,158,196,4
3803,11,158,196,6
3804,12,158,196,7
3805,13,158,196,10
3806,14,158,196,5
3807,15,158,196,5
3808,16,158,196,3
3809,17,158,196,4
3810,18,158,196,4
3811,19,158,196,3
3812,20,158,196,3
3813,21,158,196,0
3814,22,158,196,3
3815,23,158,196,3
3816,0,159,199,0
3817,1,159,199,0
3818,2,159,199,0
3819,3,159,199,0
3820,4,159,199,0
3821,5,159,199,2
3822,6,159,199,3
3823,7,159,199,11
3824,8,159,199,15
3825,9,159,199,7
3826,10,159,199,5
3827,11,159,199,4
3828,12,159,199,6
3829,13,159,199,13
3830,14,159,199,11
3831,15,159,199,4
3832,16,159,199,4
3833,17,159,199,4
3834,18,159,199,5
3835,19,159,199,2
3836,20,159,199,4
3837,21,159,199,1
3838,22,159,199,1
3839,23,159,199,3
3840,0,160,200,0
3841,1,160,200,0
3842,2,160,200,0
3843,3,160,200,0
3844,4,160,200,0
3845,5,160,200,0
3846,6,160,200,4
3847,7,160,200,12
3848,8,160,200,16
3849,9,160,200,2
3850,10,160,200,3
3851,11,160,200,3
3852,12,160,200,13
3853,13,160,200,7
3854,14,160,200,6
3855,15,160,200,3
3856,16,160,200,4
3857,17,160,200,7
3858,18,160,200,5
3859,19,160,200,5
3860,20,160,200,1
3861,21,160,200,2
3862,22,160,200,2
3863,23,160,200,0
3864,0,161,202,0
3865,1,161,202,0
3866,2,161,202,0
3867,3,161,202,0
3868,4,161,202,0
3869,5,161,202,1
3870,6,161,202,1
3871,7,161,202,13
3872,8,161,202,10
3873,9,161,202,8
3874,10,161,202,2
3875,11,161,202,7
3876,12,161,202,7
3877,13,161,202,6
3878,14,161,202,7
3879,15,161,202,8
3880,16,161,202,5
3881,17,161,202,4
3882,18,161,202,6
3883,19,161,202,4
3884,20,161,202,4
3885,21,161,202,0
3886,22,161,202,2
3887,23,161,202,3
3888,0,162,203,0
3889,1,162,203,0
3890,2,162,203,1
3891,3,162,203,0
3892,4,162,203,0
3893,5,162,203,1
3894,6,162,203,6
3895,7,162,203,9
3896,8,162,203,9
3897,9,162,203,6
3898,10,162,203,8
3899,11,162,203,0
3900,12,162,203,4
3901,13,162,203,9
3902,14,162,203,6
3903,15,162,203,9
3904,16,162,203,9
3905,17,162,203,4
3906,18,162,203,6
3907,19,162,203,3
3908,20,162,203,1
3909,21,162,203,2
3910,22,162,203,2
3911,23,162,203,3
3912,0,163,204,0
3913,1,163,204,0
3914,2,163,204,0
3915,3,163,204,0
3916,4,163,204,0
3917,5,163,204,1
3918,6,163,204,6
3919,7,163,204,10
3920,8,163,204,8
3921,9,163,204,2
3922,10,163,204,6
3923,11,163,204,5
3924,12,163,204,7
3925,13,163,204,7
3926,14,163,204,5
3927,15,163,204,9
3928,16,163,204,5
3929,17,163,204,1
3930,18,163,204,2
3931,19,163,204,3
3932,20,163,204,1
3933,21,163,204,1
3934,22,163,204,5
3935,23,163,204,0
3936,0,164,206,0
3937,1,164,206,0
3938,2,164,206,0
3939,3,164,206,0
3940,4,164,206,0
3941,5,164,206,1
3942,6,164,206,2
3943,7,164,206,2
3944,8,164,206,13
3945,9,164,206,5
3946,10,164,206,6
3947,11,164,206,3
3948,12,164,206,4
3949,13,164,206,7
3950,14,164,206,8
3951,15,164,206,7
3952,16,164,206,1
3953,17,164,206,6
3954,18,164,206,4
3955,19,164,206,2
3956,20,164,206,2
3957,21,164,206,1
3958,22,164,206,2
3959,23,164,206,2
3960,0,165,208,1
3961,1,165,208,0
3962,2,165,208,0
3963,3,165,208,0
3964,4,165,208,0
3965,5,165,208,1
3966,6,165,208,4
3967,7,165,208,8
3968,8,165,208,8
3969,9,165,208,7
3970,10,165,208,6
3971,11,165,208,3
3972,12,165,208,4
3973,13,165,208,6
3974,14,165,208,8
3975,15,165,208,6
3976,16,165,208,4
3977,17,165,208,4
3978,18,165,208,3
3979,19,165,208,2
3980,20,165,208,2
3981,21,165,208,0
3982,22,165,208,1
3983,23,165,208,3
3984,0,166,209,0
3985,1,166,209,0
3986,2,166,209,0
3987,3,166,209,0
3988,4,166,209,0
3989,5,166,209,1
3990,6,166,209,2
3991,7,166,209,6
3992,8,166,209,8
3993,9,166,209,4
3994,10,166,209,9
3995,11,166,209,6
3996,12,166,209,1
3997,13,166,209,11
3998,14,166,209,5
3999,15,166,209,3
4000,16,166,209,2
4001,17,166,209,3
4002,18,166,209,6
4003,19,166,209,5
4004,20,166,209,1
4005,21,166,209,0
4006,22,166,209,1
4007,23,166,209,2
4008,0,167,210,0
4009,1,167,210,0
4010,2,167,210,0
4011,3,167,210,0
4012,4,167,210,0
4013,5,167,210,1
4014,6,167,210,4
4015,7,167,210,7
4016,8,167,210,13
4017,9,167,210,7
4018,10,167,210,0
4019,11,167,210,9
4020,12,167,210,4
4021,13,167,210,5
4022,14,167,210,2
4023,15,167,210,6
4024,16,167,210,6
4025,17,167,210,3
4026,18,167,210,2
4027,19,167,210,3
4028,20,167,210,0
4029,21,167,210,1
4030,22,167,210,1
4031,23,167,210,2
4032,0,168,211,0
4033,1,168,211,0
4034,2,168,211,0
4035,3,168,211,0
4036,4,168,211,0
4037,5,168,211,1
4038,6,168,211,3
4039,7,168,211,8
4040,8,168,211,9
4041,9,168,211,4
4042,10,168,211,4
4043,11,168,211,6
4044,12,168,211,3
4045,13,168,211,11
4046,14,168,211,0
4047,15,168,211,4
4048,16,168,211,7
4049,17,168,211,3
4050,18,168,211,2
4051,19,168,211,5
4052,20,168,211,1
4053,21,168,211,0
4054,22,168,211,2
4055,23,168,211,2
4056,0,169,212,1
4057,1,169,212,0
4058,2,169,212,0
4059,3,169,212,0
4060,4,169,212,0
4061,5,169,212,2
4062,6,169,212,3
4063,7,169,212,4
4064,8,169,212,12
4065,9,169,212,4
4066,10,169,212,2
4067,11,169,212,4
4068,12,169,212,4
4069,13,169,212,7
4070,14,169,212,5
4071,15,169,212,6
4072,16,169,212,5
4073,17,169,212,5
4074,18,169,212,2
4075,19,169,212,3
4076,20,169,212,1
4077,21,169,212,1
4078,22,169,212,2
4079,23,169,212,3
4080,0,170,213,0
4081,1,170,213,0
4082,2,170,213,0
4083,3,170,213,0
4084,4,170,213,0
4085,5,170,213,1
4086,6,170,213,1
4087,7,170,213,8
4088,8,170,213,10
4089,9,170,213,5
4090,10,170,213,4
4091,11,170,213,5
4092,12,170,213,4
4093,13,170,213,8
4094,14,170,213,6
4095,15,170,213,5
4096,16,170,213,2
4097,17,170,213,1
4098,18,170,213,3
4099,19,170,213,5
4100,20,170,213,1
4101,21,170,213,0
4102,22,170,213,2
4103,23,170,213,2
4104,0,171,214,0
4105,1,171,214,0
4106,2,171,214,0
4107,3,171,214,0
4108,4,171,214,0
4109,5,171,214,1
4110,6,171,214,3
4111,7,171,214,7
4112,8,171,214,13
4113,9,171,214,3
4114,10,171,214,5
4115,11,171,214,6
4116,12,171,214,3
4117,13,171,214,5
4118,14,171,214,6
4119,15,171,214,6
4120,16,171,214,3
4121,17,171,214,4
4122,18,171,214,2
4123,19,171,214,3
4124,20,171,214,3
4125,21,171,214,3
4126,22,171,214,2
4127,23,171,214,2
4128,0,172,215,0
4129,1,172,215,0
4130,2,172,215,0
4131,3,172,215,0
4132,4,172,215,0
4133,5,172,215,0
4134,6,172,215,3
4135,7,172,215,8
4136,8,172,215,12
4137,9,172,215,5
4138,10,172,215,2
4139,11,172,215,4
4140,12,172,215,6
4141,13,172,215,6
4142,14,172,215,2
4143,15,172,215,5
4144,16,172,215,5
4145,17,172,215,1
4146,18,172,215,5
4147,19,172,215,0
4148,20,172,215,0
4149,21,172,215,1
4150,22,172,215,3
4151,23,172,215,0
4152,0,173,216,0
4153,1,173,216,0
4154,2,173,216,0
4155,3,173,216,0
4156,4,173,216,0
4157,5,173,216,0
4158,6,173,216,2
4159,7,173,216,8
4160,8,173,216,16
4161,9,173,216,3
4162,10,173,216,6
4163,11,173,216,6
4164,12,173,216,10
4165,13,173,216,5
4166,14,173,216,6
4167,15,173,216,9
4168,16,173,216,5
4169,17,173,216,6
4170,18,173,216,2
4171,19,173,216,2
4172,20,173,216,1
4173,21,173,216,1
4174,22,173,216,2
4175,23,173,216,2
4176,0,174,218,0
4177,1,174,218,0
4178,2,174,218,0
4179,3,174,218,0
4180,4,174,218,0
4181,5,174,218,0
4182,6,174,218,2
4183,7,174,218,2
4184,8,174,218,9
4185,9,174,218,3
4186,10,174,218,6
4187,11,174,218,5
4188,12,174,218,7
4189,13,174,218,2
4190,14,174,218,6
4191,15,174,218,6
4192,16,174,218,7
4193,17,174,218,6
4194,18,174,218,7
4195,19,174,218,1
4196,20,174,218,0
4197,21,174,218,2
4198,22,174,218,1
4199,23,174,218,3
4200,0,175,219,0
4201,1,175,219,0
4202,2,175,219,0
4203,3,175,219,0
4204,4,175,219,0
4205,5,175,219,1
4206,6,175,219,0
4207,7,175,219,3
4208,8,175,219,6
4209,9,175,219,3
4210,10,175,219,2
4211,11,175,219,5
4212,12,175,219,5
4213,13,175,219,4
4214,14,175,219,2
4215,15,175,219,5
4216,16,175,219,3
4217,17,175,219,7
4218,18,175,219,0
4219,19,175,219,3
4220,20,175,219,1
4221,21,175,219,2
4222,22,175,219,3
4223,23,175,219,2
4224,0,176,220,0
4225,1,176,220,0
4226,2,176,220,0
4227,3,176,220,0
4228,4,176,220,0
4229,5,176,220,0
4230,6,176,220,1
4231,7,176,220,3
4232,8,176,220,6
4233,9,176,220,3
4234,10,176,220,5
4235,11,176,220,1
4236,12,176,220,4
4237,13,176,220,4
4238,14,176,220,6
4239,15,176,220,6
4240,16,176,220,4
4241,17,176,220,2
4242,18,176,220,3
4243,19,176,220,0
4244,20,176,220,2
4245,21,176,220,1
4246,22,176,220,0
4247,23,176,220,1
4248,0,177,221,0
4249,1,177,221,0
4250,2,177,221,0
4251,3,177,221,0
4252,4,177,221,0
4253,5,177,221,1
4254,6,177,221,2
4255,7,177,221,6
4256,8,177,221,6
4257,9,177,221,2
4258,10,177,221,5
4259,11,177,221,5
4260,12,177,221,4
4261,13,177,221,3
4262,14,177,221,5
4263,15,177,221,7
4264,16,177,221,5
4265,17,177,221,4
4266,18,177,221,7
4267,19,177,221,4
4268,20,177,221,1
4269,21,177,221,1
4270,22,177,221,2
4271,23,177,221,2
4272,0,178,222,0
4273,1,178,222,0
4274,2,178,222,0
4275,3,178,222,0
4276,4,178,222,0
4277,5,178,222,0
4278,6,178,222,1
4279,7,178,222,3
4280,8,178,222,6
4281,9,178,222,6
4282,10,178,222,4
4283,11,178,222,4
4284,12,178,222,6
4285,13,178,222,5
4286,14,178,222,7
4287,15,178,222,4
4288,16,178,222,3
4289,17,178,222,1
4290,18,178,222,4
4291,19,178,222,3
4292,20,178,222,2
4293,21,178,222,0
4294,22,178,222,3
4295,23,178,222,0
4296,0,179,223,0
4297,1,179,223,0
4298,2,179,223,0
4299,3,179,223,0
4300,4,179,223,0
4301,5,179,223,0
4302,6,179,223,4
4303,7,179,223,1
4304,8,179,223,6
4305,9,179,223,4
4306,10,179,223,4
4307,11,179,223,3
4308,12,179,223,5
4309,13,179,223,4
4310,14,179,223,8
4311,15,179,223,8
4312,16,179,223,2
4313,17,179,223,5
4314,18,179,223,6
4315,19,179,223,1
4316,20,179,223,0
4317,21,179,223,1
4318,22,179,223,2
4319,23,179,223,1
4320,0,180,224,0
4321,1,180,224,0
4322,2,180,224,0
4323,3,180,224,0
4324,4,180,224,0
4325,5,180,224,0
4326,6,180,224,2
4327,7,180,224,6
4328,8,180,224,2
4329,9,180,224,4
4330,10,180,224,6
4331,11,180,224,2
4332,12,180,224,4
4333,13,180,224,2
4334,14,180,224,8
4335,15,180,224,6
4336,16,180,224,1
4337,17,180,224,5
4338,18,180,224,2
4339,19,180,224,2
4340,20,180,224,3
4341,21,180,224,0
4342,22,180,224,0
4343,23,180,224,2
4344,0,181,225,0
4345,1,181,225,1
4346,2,181,225,0
4347,3,181,225,0
4348,4,181,225,0
4349,5,181,225,1
4350,6,181,225,2
4351,7,181,225,3
4352,8,181,225,4
4353,9,181,225,4
4354,10,181,225,2
4355,11,181,225,2
4356,12,181,225,5
4357,13,181,225,6
4358,14,181,225,4
4359,15,181,225,4
4360,16,181,225,2
4361,17,181,225,5
4362,18,181,225,5
4363,19,181,225,2
4364,20,181,225,0
4365,21,181,225,0
4366,22,181,225,1
4367,23,181,225,0
4368,0,182,226,0
4369,1,182,226,0
4370,2,182,226,0
4371,3,182,226,0
4372,4,182,226,0
4373,5,182,226,1
4374,6,182,226,2
4375,7,182,226,4
4376,8,182,226,4
4377,9,182,226,4
4378,10,182,226,5
4379,11,182,226,6
4380,12,182,226,5
4381,13,182,226,4
4382,14,182,226,5
4383,15,182,226,3
4384,16,182,226,5
4385,17,182,226,7
4386,18,182,226,5
4387,19,182,226,3
4388,20,182,226,0
4389,21,182,226,1
4390,22,182,226,0
4391,23,182,226,2
4392,0,183,228,0
4393,1,183,228,0
4394,2,183,228,0
4395,3,183,228,0
4396,4,183,228,0
4397,5,183,228,1
4398,6,183,228,1
4399,7,183,228,0
4400,8,183,228,10
4401,9,183,228,4
4402,10,183,228,3
4403,11,183,228,5
4404,12,183,228,6
4405,13,183,228,4
4406,14,183,228,2
4407,15,183,228,8
4408,16,183,228,6
4409,17,183,228,1
4410,18,183,228,3
4411,19,183,228,0
4412,20,183,228,0
4413,21,183,228,1
4414,22,183,228,3
4415,23,183,228,1
4416,0,184,229,1
4417,1,184,229,0
4418,2,184,229,0
4419,3,184,229,0
4420,4,184,229,0
4421,5,184,229,1
4422,6,184,229,0
4423,7,184,229,4
4424,8,184,229,6
4425,9,184,229,2
4426,10,184,229,2
4427,11,184,229,3
4428,12,184,229,6
4429,13,184,229,7
4430,14,184,229,0
4431,15,184,229,4
4432,16,184,229,5
4433,17,184,229,3
4434,18,184,229,5
4435,19,184,229,3
4436,20,184,229,3
4437,21,184,229,0
4438,22,184,229,1
4439,23,184,229,2
4440,0,185,231,0
4441,1,185,231,1
4442,2,185,231,0
4443,3,185,231,0
4444,4,185,231,0
4445,5,185,231,2
4446,6,185,231,1
4447,7,185,231,3
4448,8,185,231,3
4449,9,185,231,3
4450,10,185,231,3
4451,11,185,231,2
4452,12,185,231,5
4453,13,185,231,7
4454,14,185,231,4
4455,15,185,231,5
4456,16,185,231,5
4457,17,185,231,2
4458,18,185,231,8
4459,19,185,231,1
4460,20,185,231,4
4461,21,185,231,0
4462,22,185,231,1
4463,23,185,231,2
4464,0,186,233,0
4465,1,186,233,1
4466,2,186,233,0
4467,3,186,233,0
4468,4,186,233,0
4469,5,186,233,0
4470,6,186,233,1
4471,7,186,233,1
4472,8,186,233,2
4473,9,186,233,1
4474,10,186,233,3
4475,11,186,233,2
4476,12,186,233,1
4477,13,186,233,1
4478,14,186,233,1
4479,15,186,233,2
4480,16,186,233,1
4481,17,186,233,0
4482,18,186,233,0
4483,19,186,233,1
4484,20,186,233,0
4485,21,186,233,2
4486,22,186,233,0
4487,23,186,233,0
4488,0,187,234,0
4489,1,187,234,0
4490,2,187,234,1
4491,3,187,234,0
4492,4,187,234,0
4493,5,187,234,1
4494,6,187,234,2
4495,7,187,234,1
4496,8,187,234,1
4497,9,187,234,0
4498,10,187,234,5
4499,11,187,234,2
4500,12,187,234,4
4501,13,187,234,1
4502,14,187,234,0
4503,15,187,234,2
4504,16,187,234,5
4505,17,187,234,0
4506,18,187,234,1
4507,19,187,234,0
4508,20,187,234,1
4509,21,187,234,0
4510,22,187,234,1
4511,23,187,234,0
4512,0,188,235,0
4513,1,188,235,0
4514,2,188,235,0
4515,3,188,235,0
4516,4,188,235,0
4517,5,188,235,1
4518,6,188,235,1
4519,7,188,235,2
4520,8,188,235,4
4521,9,188,235,4
4522,10,188,235,0
4523,11,188,235,4
4524,12,188,235,1
4525,13,188,235,7
4526,14,188,235,2
4527,15,188,235,7
4528,16,188,235,7
4529,17,188,235,7
4530,18,188,235,3
4531,19,188,235,3
4532,20,188,235,1
4533,21,188,235,1
4534,22,188,235,1
4535,23,188,235,1
4536,0,189,236,0
4537,1,189,236,0
4538,2,189,236,0
4539,3,189,236,0
4540,4,189,236,0
4541,5,189,236,1
4542,6,189,236,1
4543,7,189,236,2
4544,8,189,236,9
4545,9,189,236,1
4546,10,189,236,6
4547,11,189,236,7
4548,12,189,236,2
4549,13,189,236,3
4550,14,189,236,8
4551,15,189,236,6
4552,16,189,236,6
4553,17,189,236,2
4554,18,189,236,2
4555,19,189,236,5
4556,20,189,236,1
4557,21,189,236,1
4558,22,189,236,2
4559,23,189,236,2
4560,0,190,237,0
4561,1,190,237,0
4562,2,190,237,0
4563,3,190,237,0
4564,4,190,237,0
4565,5,190,237,1
4566,6,190,237,2
4567,7,190,237,2
4568,8,190,237,5
4569,9,190,237,5
4570,10,190,237,5
4571,11,190,237,5
4572,12,190,237,6
4573,13,190,237,2
4574,14,190,237,2
4575,15,190,237,5
4576,16,190,237,6
4577,17,190,237,4
4578,18,190,237,4
4579,19,190,237,5
4580,20,190,237,1
4581,21,190,237,2
4582,22,190,237,2
4583,23,190,237,1
4584,0,191,238,0
4585,1,191,238,0
4586,2,191,238,0
4587,3,191,238,0
4588,4,191,238,0
4589,5,191,238,1
4590,6,191,238,1
4591,7,191,238,3
4592,8,191,238,5
4593,9,191,238,3
4594,10,191,238,1
4595,11,191,238,4
4596,12,191,238,5
4597,13,191,238,5
4598,14,191,238,3
4599,15,191,238,6
4600,16,191,238,2
4601,17,191,238,3
4602,18,191,238,1
4603,19,191,238,2
4604,20,191,238,0
4605,21,191,238,2
4606,22,191,238,2
4607,23,191,238,1
4608,0,192,239,0
4609,1,192,239,0
4610,2,192,239,0
4611,3,192,239,0
4612,4,192,239,0
4613,5,192,239,0
4614,6,192,239,1
4615,7,192,239,3
4616,8,192,239,6
4617,9,192,239,3
4618,10,192,239,4
4619,11,192,239,3
4620,12,192,239,4
4621,13,192,239,3
4622,14,192,239,3
4623,15,192,239,3
4624,16,192,239,4
4625,17,192,239,3
4626,18,192,239,3
4627,19,192,239,1
4628,20,192,239,1
4629,21,192,239,1
4630,22,192,239,1
4631,23,192,239,1
4632,0,193,240,0
4633,1,193,240,0
4634,2,193,240,0
4635,3,193,240,0
4636,4,193,240,0
4637,5,193,240,0
4638,6,193,240,2
4639,7,193,240,1
4640,8,193,240,5
4641,9,193,240,4
4642,10,193,240,2
4643,11,193,240,7
4644,12,193,240,3
4645,13,193,240,5
4646,14,193,240,6
4647,15,193,240,6
4648,16,193,240,4
4649,17,193,240,3
4650,18,193,240,7
4651,19,193,240,3
4652,20,193,240,2
4653,21,193,240,3
4654,22,193,240,1
4655,23,193,240,0
4656,0,194,241,0
4657,1,194,241,0
4658,2,194,241,0
4659,3,194,241,0
4660,4,194,241,0
4661,5,194,241,1
4662,6,194,241,1
4663,7,194,241,1
4664,8,194,241,9
4665,9,194,241,2
4666,10,194,241,4
4667,11,194,241,10
4668,12,194,241,7
4669,13,194,241,2
4670,14,194,241,6
4671,15,194,241,6
4672,16,194,241,3
4673,17,194,241,6
4674,18,194,241,2
4675,19,194,241,2
4676,20,194,241,2
4677,21,194,241,0
4678,22,194,241,1
4679,23,194,241,2
4680,0,195,244,1
4681,1,195,244,0
4682,2,195,244,0
4683,3,195,244,0
4684,4,195,244,1
4685,5,195,244,1
4686,6,195,244,1
4687,7,195,244,3
4688,8,195,244,8
4689,9,195,244,5
4690,10,195,244,5
4691,11,195,244,8
4692,12,195,244,1
4693,13,195,244,7
4694,14,195,244,6
4695,15,195,244,4
4696,16,195,244,4
4697,17,195,244,5
4698,18,195,244,4
4699,19,195,244,2
4700,20,195,244,2
4701,21,195,244,0
4702,22,195,244,1
4703,23,195,244,2
4704,0,196,245,0
4705,1,196,245,0
4706,2,196,245,0
4707,3,196,245,0
4708,4,196,245,0
4709,5,196,245,1
4710,6,196,245,2
4711,7,196,245,1
4712,8,196,245,7
4713,9,196,245,3
4714,10,196,245,5
4715,11,196,245,7
4716,12,196,245,4
4717,13,196,245,7
4718,14,196,245,4
4719,15,196,245,2
4720,16,196,245,7
4721,17,196,245,7
4722,18,196,245,7
4723,19,196,245,3
4724,20,196,245,1
4725,21,196,245,1
4726,22,196,245,2
4727,23,196,245,0
4728,0,197,246,0
4729,1,197,246,0
4730,2,197,246,0
4731,3,197,246,0
4732,4,197,246,0
4733,5,197,246,2
4734,6,197,246,1
4735,7,197,246,2
4736,8,197,246,11
4737,9,197,246,5
4738,10,197,246,6
4739,11,197,246,4
4740,12,197,246,4
4741,13,197,246,2
4742,14,197,246,6
4743,15,197,246,8
4744,16,197,246,5
4745,17,197,246,6
4746,18,197,246,4
4747,19,197,246,1
4748,20,197,246,2
4749,21,197,246,0
4750,22,197,246,3
4751,23,197,246,2
4752,0,198,247,0
4753,1,198,247,0
4754,2,198,247,0
4755,3,198,247,0
4756,4,198,247,0
4757,5,198,247,0
4758,6,198,247,3
4759,7,198,247,1
4760,8,198,247,7
4761,9,198,247,6
4762,10,198,247,3
4763,11,198,247,5
4764,12,198,247,3
4765,13,198,247,8
4766,14,198,247,3
4767,15,198,247,7
4768,16,198,247,8
4769,17,198,247,1
4770,18,198,247,3
4771,19,198,247,1
4772,20,198,247,0
4773,21,198,247,0
4774,22,198,247,2
4775,23,198,247,2
4776,0,199,248,0
4777,1,199,248,0
4778,2,199,248,0
4779,3,199,248,0
4780,4,199,248,0
4781,5,199,248,1
4782,6,199,248,2
4783,7,199,248,4
4784,8,199,248,8
4785,9,199,248,6
4786,10,199,248,5
4787,11,199,248,4
4788,12,199,248,9
4789,13,199,248,5
4790,14,199,248,5
4791,15,199,248,5
4792,16,199,248,3
4793,17,199,248,5
4794,18,199,248,5
4795,19,199,248,2
4796,20,199,248,0
4797,21,199,248,0
4798,22,199,248,1
4799,23,199,248,3
4800,0,200,249,0
4801,1,200,249,0
4802,2,200,249,0
4803,3,200,249,0
4804,4,200,249,0
4805,5,200,249,0
4806,6,200,249,1
4807,7,200,249,2
4808,8,200,249,4
4809,9,200,249,2
4810,10,200,249,8
4811,11,200,249,4
4812,12,200,249,3
4813,13,200,249,6
4814,14,200,249,4
4815,15,200,249,3
4816,16,200,249,5
4817,17,200,249,7
4818,18,200,249,6
4819,19,200,249,1
4820,20,200,249,0
4821,21,200,249,0
4822,22,200,249,0
4823,23,200,249,1
4824,0,201,250,0
4825,1,201,250,0
4826,2,201,250,0
4827,3,201,250,0
4828,4,201,250,0
4829,5,201,250,0
4830,6,201,250,0
4831,7,201,250,2
4832,8,201,250,8
4833,9,201,250,6
4834,10,201,250,3
4835,11,201,250,10
4836,12,201,250,6
4837,13,201,250,2
4838,14,201,250,2
4839,15,201,250,5
4840,16,201,250,9
4841,17,201,250,7
4842,18,201,250,6
4843,19,201,250,1
4844,20,201,250,1
4845,21,201,250,0
4846,22,201,250,0
4847,23,201,250,2
4848,0,202,253,0
4849,1,202,253,0
4850,2,202,253,0
4851,3,202,253,0
4852,4,202,253,1
4853,5,202,253,0
4854,6,202,253,1
4855,7,202,253,1
4856,8,202,253,6
4857,9,202,253,3
4858,10,202,253,4
4859,11,202,253,6
4860,12,202,253,8
4861,13,202,253,3
4862,14,202,253,5
4863,15,202,253,9
4864,16,202,253,3
4865,17,202,253,3
4866,18,202,253,10
4867,19,202,253,2
4868,20,202,253,1
4869,21,202,253,1
4870,22,202,253,2
4871,23,202,253,1
4872,0,203,254,0
4873,1,203,254,0
4874,2,203,254,0
4875,3,203,254,0
4876,4,203,254,0
4877,5,203,254,0
4878,6,203,254,2
4879,7,203,254,1
4880,8,203,254,5
4881,9,203,254,5
4882,10,203,254,3
4883,11,203,254,3
4884,12,203,254,2
4885,13,203,254,7
4886,14,203,254,5
4887,15,203,254,9
4888,16,203,254,4
4889,17,203,254,5
4890,18,203,254,4
4891,19,203,254,1
4892,20,203,254,0
4893,21,203,254,0
4894,22,203,254,3
4895,23,203,254,0
4896,0,204,256,0
4897,1,204,256,0
4898,2,204,256,0
4899,3,204,256,0
4900,4,204,256,0
4901,5,204,256,1
4902,6,204,256,0
4903,7,204,256,1
4904,8,204,256,1
4905,9,204,256,0
4906,10,204,256,1
4907,11,204,256,0
4908,12,204,256,1
4909,13,204,256,2
4910,14,204,256,1
4911,15,204,256,1
4912,16,204,256,0
4913,17,204,256,0
4914,18,204,256,1
4915,19,204,256,0
4916,20,204,256,2
4917,21,204,256,0
4918,22,204,256,1
4919,23,204,256,0
4920,0,205,257,0
4921,1,205,257,0
4922,2,205,257,0
4923,3,205,257,0
4924,4,205,257,0
4925,5,205,257,0
4926,6,205,257,2
4927,7,205,257,2
4928,8,205,257,4
4929,9,205,257,1
4930,10,205,257,5
4931,11,205,257,3
4932,12,205,257,7
4933,13,205,257,3
4934,14,205,257,3
4935,15,205,257,0
4936,16,205,257,4
4937,17,205,257,2
4938,18,205,257,3
4939,19,205,257,1
4940,20,205,257,0
4941,21,205,257,1
4942,22,205,257,2
4943,23,205,257,1
4944,0,206,258,0
4945,1,206,258,0
4946,2,206,258,0
4947,3,206,258,0
4948,4,206,258,0
4949,5,206,258,0
4950,6,206,258,4
4951,7,206,258,0
4952,8,206,258,3
4953,9,206,258,1
4954,10,206,258,1
4955,11,206,258,7
4956,12,206,258,5
4957,13,206,258,4
4958,14,206,258,5
4959,15,206,258,5
4960,16,206,258,3
4961,17,206,258,4
4962,18,206,258,2
4963,19,206,258,0
4964,20,206,258,2
4965,21,206,258,0
4966,22,206,258,1
4967,23,206,258,1
4968,0,207,259,0
4969,1,207,259,0
4970,2,207,259,0
4971,3,207,259,0
4972,4,207,259,0
4973,5,207,259,0
4974,6,207,259,0
4975,7,207,259,3
4976,8,207,259,3
4977,9,207,259,3
4978,10,207,259,1
4979,11,207,259,4
4980,12,207,259,3
4981,13,207,259,5
4982,14,207,259,5
4983,15,207,259,4
4984,16,207,259,3
4985,17,207,259,2
4986,18,207,259,3
4987,19,207,259,3
4988,20,207,259,1
4989,21,207,259,1
4990,22,207,259,1
4991,23,207,259,0
4992,0,208,260,0
4993,1,208,260,0
4994,2,208,260,0
4995,3,208,260,0
4996,4,208,260,0
4997,5,208,260,0
4998,6,208,260,0
4999,7,208,260,1
5000,8,208,260,2
5001,9,208,260,4
5002,10,208,260,2
5003,11,208,260,2
5004,12,208,260,5
5005,13,208,260,5
5006,14,208,260,2
5007,15,208,260,3
5008,16,208,260,0
5009,17,208,260,1
5010,18,208,260,1
5011,19,208,260,0
5012,20,208,260,1
5013,21,208,260,0
5014,22,208,260,1
5015,23,208,260,0
