,Hour,DayCnt,DayYr,Arrivals,Energy,Duration,Charging
0,0.0,0.0,1.0,0.0,0.0,0.0,0.0
1,1.0,0.0,1.0,0.0,0.0,0.0,0.0
2,2.0,0.0,1.0,0.0,0.0,0.0,0.0
3,3.0,0.0,1.0,0.0,0.0,0.0,0.0
4,4.0,0.0,1.0,0.0,0.0,0.0,0.0
5,5.0,0.0,1.0,2.0,10.199,1.875,0.875
6,6.0,0.0,1.0,1.0,6.915,2.75,1.25
7,7.0,0.0,1.0,8.0,69.51,2.5,1.375
8,8.0,0.0,1.0,12.0,92.542,3.1875,1.2708333333333333
9,9.0,0.0,1.0,5.0,27.672,1.25,0.85
10,10.0,0.0,1.0,1.0,6.169,1.0,1.0
11,11.0,0.0,1.0,3.0,16.680999999999997,2.0833333333333335,0.9166666666666666
12,12.0,0.0,1.0,7.0,36.160000000000004,2.9285714285714284,0.8571428571428571
13,13.0,0.0,1.0,5.0,57.534,1.95,1.5
14,14.0,0.0,1.0,1.0,17.349,3.5,1.5
15,15.0,0.0,1.0,1.0,6.229,1.0,1.0
16,16.0,0.0,1.0,2.0,13.136,0.375,0.375
17,17.0,0.0,1.0,0.0,0.0,0.0,0.0
18,18.0,0.0,1.0,1.0,2.881,0.25,0.25
19,19.0,0.0,1.0,1.0,6.755,0.75,0.5
20,20.0,0.0,1.0,0.0,0.0,0.0,0.0
21,21.0,0.0,1.0,1.0,15.165,1.25,1.25
22,22.0,0.0,1.0,0.0,0.0,0.0,0.0
23,23.0,0.0,1.0,0.0,0.0,0.0,0.0
24,0.0,1.0,2.0,0.0,0.0,0.0,0.0
25,1.0,1.0,2.0,0.0,0.0,0.0,0.0
26,2.0,1.0,2.0,0.0,0.0,0.0,0.0
27,3.0,1.0,2.0,0.0,0.0,0.0,0.0
28,4.0,1.0,2.0,0.0,0.0,0.0,0.0
29,5.0,1.0,2.0,1.0,10.098,0.25,0.25
30,6.0,1.0,2.0,2.0,19.728,2.375,1.5
31,7.0,1.0,2.0,8.0,86.71799999999999,2.0625,1.65625
32,8.0,1.0,2.0,12.0,99.514,2.6041666666666665,1.4583333333333333
33,9.0,1.0,2.0,1.0,6.195,1.5,1.0
34,10.0,1.0,2.0,4.0,44.48100000000001,4.1875,2.0
35,11.0,1.0,2.0,6.0,35.049,0.8333333333333334,0.625
36,12.0,1.0,2.0,3.0,18.773999999999997,1.0833333333333333,0.5833333333333334
37,13.0,1.0,2.0,6.0,57.366,2.7083333333333335,1.1666666666666667
38,14.0,1.0,2.0,5.0,40.254000000000005,3.05,1.2
39,15.0,1.0,2.0,3.0,19.73,3.5,0.8333333333333334
40,16.0,1.0,2.0,2.0,23.371000000000002,4.5,1.125
41,17.0,1.0,2.0,2.0,15.317,0.5,0.5
42,18.0,1.0,2.0,1.0,3.854,0.5,0.5
43,19.0,1.0,2.0,1.0,5.553,0.5,0.5
44,20.0,1.0,2.0,0.0,0.0,0.0,0.0
45,21.0,1.0,2.0,0.0,0.0,0.0,0.0
46,22.0,1.0,2.0,0.0,0.0,0.0,0.0
47,23.0,1.0,2.0,1.0,1.471,0.25,0.25
48,0.0,2.0,9.0,0.0,0.0,0.0,0.0
49,1.0,2.0,9.0,0.0,0.0,0.0,0.0
50,2.0,2.0,9.0,0.0,0.0,0.0,0.0
51,3.0,2.0,9.0,0.0,0.0,0.0,0.0
52,4.0,2.0,9.0,0.0,0.0,0.0,0.0
53,5.0,2.0,9.0,0.0,0.0,0.0,0.0
54,6.0,2.0,9.0,2.0,24.167,2.375,2.0
55,7.0,2.0,9.0,5.0,36.296,2.45,1.0
56,8.0,2.0,9.0,10.0,83.78899999999999,2.45,1.275
57,9.0,2.0,9.0,5.0,27.809,2.0,0.95
58,10.0,2.0,9.0,4.0,33.941,1.25,1.0625
59,11.0,2.0,9.0,2.0,33.745,6.625,3.5
60,12.0,2.0,9.0,4.0,31.495,3.5,2.25
61,13.0,2.0,9.0,2.0,25.441000000000003,6.5,1.875
62,14.0,2.0,9.0,2.0,20.403,1.125,0.875
63,15.0,2.0,9.0,1.0,2.113,0.25,0.25
64,16.0,2.0,9.0,4.0,28.323,2.5625,1.625
65,17.0,2.0,9.0,1.0,2.071,0.25,0.25
66,18.0,2.0,9.0,1.0,5.347,0.75,0.75
67,19.0,2.0,9.0,3.0,14.847000000000001,0.75,0.75
68,20.0,2.0,9.0,0.0,0.0,0.0,0.0
69,21.0,2.0,9.0,0.0,0.0,0.0,0.0
70,22.0,2.0,9.0,1.0,10.913,1.0,0.75
71,23.0,2.0,9.0,1.0,13.112,2.0,2.0
72,0.0,3.0,28.0,0.0,0.0,0.0,0.0
73,1.0,3.0,28.0,0.0,0.0,0.0,0.0
74,2.0,3.0,28.0,0.0,0.0,0.0,0.0
75,3.0,3.0,28.0,0.0,0.0,0.0,0.0
76,4.0,3.0,28.0,0.0,0.0,0.0,0.0
77,5.0,3.0,28.0,3.0,22.950999999999997,0.25,0.25
78,6.0,3.0,28.0,2.0,22.226999999999997,3.125,1.5
79,7.0,3.0,28.0,6.0,57.703,2.9166666666666665,1.7083333333333333
80,8.0,3.0,28.0,12.0,108.647,2.375,1.3125
81,9.0,3.0,28.0,6.0,57.290000000000006,2.3333333333333335,1.5416666666666667
82,10.0,3.0,28.0,2.0,23.794,1.0,0.625
83,11.0,3.0,28.0,4.0,15.454,0.5,0.5
84,12.0,3.0,28.0,4.0,33.521,1.6875,0.875
85,13.0,3.0,28.0,5.0,38.507000000000005,3.35,1.55
86,14.0,3.0,28.0,2.0,9.008000000000003,1.0,0.625
87,15.0,3.0,28.0,3.0,30.503999999999998,6.333333333333333,1.5
88,16.0,3.0,28.0,1.0,8.248,1.0,1.0
89,17.0,3.0,28.0,2.0,13.754,0.875,0.875
90,18.0,3.0,28.0,3.0,22.534,1.0,0.9166666666666666
91,19.0,3.0,28.0,2.0,10.315,0.5,0.5
92,20.0,3.0,28.0,1.0,13.674,0.5,0.5
93,21.0,3.0,28.0,0.0,0.0,0.0,0.0
94,22.0,3.0,28.0,0.0,0.0,0.0,0.0
95,23.0,3.0,28.0,0.0,0.0,0.0,0.0
96,0.0,4.0,30.0,0.0,0.0,0.0,0.0
97,1.0,4.0,30.0,0.0,0.0,0.0,0.0
98,2.0,4.0,30.0,0.0,0.0,0.0,0.0
99,3.0,4.0,30.0,0.0,0.0,0.0,0.0
100,4.0,4.0,30.0,0.0,0.0,0.0,0.0
101,5.0,4.0,30.0,1.0,16.738,4.75,1.5
102,6.0,4.0,30.0,2.0,22.236,1.75,1.625
103,7.0,4.0,30.0,13.0,121.74399999999999,3.173076923076923,1.3846153846153846
104,8.0,4.0,30.0,7.0,79.634,2.2857142857142856,1.6428571428571428
105,9.0,4.0,30.0,3.0,30.399,0.9166666666666666,0.6666666666666666
106,10.0,4.0,30.0,5.0,59.891999999999996,2.15,1.55
107,11.0,4.0,30.0,1.0,2.805,0.25,0.25
108,12.0,4.0,30.0,8.0,59.23299999999999,2.71875,1.0625
109,13.0,4.0,30.0,6.0,43.599,1.9583333333333333,1.875
110,14.0,4.0,30.0,3.0,44.747,1.1666666666666667,1.0833333333333333
111,15.0,4.0,30.0,1.0,3.127,1.5,1.0
112,16.0,4.0,30.0,1.0,3.96,8.25,0.75
113,17.0,4.0,30.0,5.0,46.976,2.35,0.9
114,18.0,4.0,30.0,2.0,16.942,1.375,1.375
115,19.0,4.0,30.0,1.0,6.707999999999998,0.25,0.25
116,20.0,4.0,30.0,1.0,5.436,0.75,0.75
117,21.0,4.0,30.0,1.0,4.5280000000000005,0.5,0.5
118,22.0,4.0,30.0,2.0,38.743,2.75,1.125
119,23.0,4.0,30.0,0.0,0.0,0.0,0.0
120,0.0,5.0,32.0,0.0,0.0,0.0,0.0
121,1.0,5.0,32.0,0.0,0.0,0.0,0.0
122,2.0,5.0,32.0,0.0,0.0,0.0,0.0
123,3.0,5.0,32.0,0.0,0.0,0.0,0.0
124,4.0,5.0,32.0,0.0,0.0,0.0,0.0
125,5.0,5.0,32.0,1.0,10.198,0.25,0.25
126,6.0,5.0,32.0,3.0,33.215,2.9166666666666665,1.5833333333333333
127,7.0,5.0,32.0,11.0,87.73400000000001,2.7045454545454546,1.2727272727272727
128,8.0,5.0,32.0,7.0,41.841,2.1785714285714284,0.8214285714285714
129,9.0,5.0,32.0,3.0,17.806,1.9166666666666667,0.75
130,10.0,5.0,32.0,6.0,39.864000000000004,1.375,0.7083333333333334
131,11.0,5.0,32.0,7.0,56.237,1.3214285714285714,0.9642857142857143
132,12.0,5.0,32.0,6.0,22.051,0.625,0.4583333333333333
133,13.0,5.0,32.0,7.0,74.74499999999999,2.25,2.107142857142857
134,14.0,5.0,32.0,2.0,11.192,5.125,0.875
135,15.0,5.0,32.0,5.0,30.085,4.25,0.85
136,16.0,5.0,32.0,1.0,6.3870000000000005,1.0,1.0
137,17.0,5.0,32.0,1.0,9.625,1.25,1.25
138,18.0,5.0,32.0,3.0,23.509,1.5,1.25
139,19.0,5.0,32.0,0.0,0.0,0.0,0.0
140,20.0,5.0,32.0,0.0,0.0,0.0,0.0
141,21.0,5.0,32.0,1.0,7.944,1.0,0.5
142,22.0,5.0,32.0,1.0,1.742,0.25,0.25
143,23.0,5.0,32.0,0.0,0.0,0.0,0.0
144,0.0,6.0,34.0,0.0,0.0,0.0,0.0
145,1.0,6.0,34.0,0.0,0.0,0.0,0.0
146,2.0,6.0,34.0,0.0,0.0,0.0,0.0
147,3.0,6.0,34.0,0.0,0.0,0.0,0.0
148,4.0,6.0,34.0,0.0,0.0,0.0,0.0
149,5.0,6.0,34.0,0.0,0.0,0.0,0.0
150,6.0,6.0,34.0,3.0,29.554000000000002,1.9166666666666667,1.0
151,7.0,6.0,34.0,14.0,155.18599999999998,2.875,1.6607142857142858
152,8.0,6.0,34.0,6.0,37.638000000000005,2.9583333333333335,1.0416666666666667
153,9.0,6.0,34.0,4.0,40.37299999999999,1.375,1.125
154,10.0,6.0,34.0,2.0,16.047,0.875,0.875
155,11.0,6.0,34.0,4.0,25.157,1.1875,1.0
156,12.0,6.0,34.0,2.0,29.977,1.125,1.0
157,13.0,6.0,34.0,6.0,38.832,0.75,0.5833333333333334
158,14.0,6.0,34.0,5.0,57.263999999999996,3.1,1.85
159,15.0,6.0,34.0,4.0,47.809000000000005,4.875,3.0
160,16.0,6.0,34.0,2.0,17.493000000000002,0.375,0.25
161,17.0,6.0,34.0,1.0,12.105,1.0,1.0
162,18.0,6.0,34.0,2.0,75.77000000000001,1.75,1.625
163,19.0,6.0,34.0,2.0,12.39,1.125,1.0
164,20.0,6.0,34.0,1.0,4.977,0.25,0.25
165,21.0,6.0,34.0,0.0,0.0,0.0,0.0
166,22.0,6.0,34.0,0.0,0.0,0.0,0.0
167,23.0,6.0,34.0,0.0,0.0,0.0,0.0
168,0.0,7.0,37.0,0.0,0.0,0.0,0.0
169,1.0,7.0,37.0,0.0,0.0,0.0,0.0
170,2.0,7.0,37.0,0.0,0.0,0.0,0.0
171,3.0,7.0,37.0,0.0,0.0,0.0,0.0
172,4.0,7.0,37.0,0.0,0.0,0.0,0.0
173,5.0,7.0,37.0,0.0,0.0,0.0,0.0
174,6.0,7.0,37.0,3.0,48.92100000000001,3.6666666666666665,1.9166666666666667
175,7.0,7.0,37.0,14.0,113.34100000000001,2.4107142857142856,1.2142857142857142
176,8.0,7.0,37.0,5.0,25.209000000000003,2.05,0.85
177,9.0,7.0,37.0,4.0,40.12,1.0625,1.0625
178,10.0,7.0,37.0,4.0,24.406000000000002,1.375,0.875
179,11.0,7.0,37.0,3.0,18.122999999999998,0.5,0.5
180,12.0,7.0,37.0,7.0,47.175999999999995,1.2142857142857142,0.75
181,13.0,7.0,37.0,7.0,49.52,3.892857142857143,1.25
182,14.0,7.0,37.0,7.0,51.89500000000001,1.8214285714285714,0.7857142857142857
183,15.0,7.0,37.0,4.0,37.197,5.25,1.0
184,16.0,7.0,37.0,2.0,21.302,0.875,0.875
185,17.0,7.0,37.0,2.0,31.037,1.75,1.625
186,18.0,7.0,37.0,1.0,3.082,0.5,0.5
187,19.0,7.0,37.0,1.0,6.374,1.0,1.0
188,20.0,7.0,37.0,1.0,17.264,0.5,0.5
189,21.0,7.0,37.0,0.0,0.0,0.0,0.0
190,22.0,7.0,37.0,1.0,7.251,1.25,1.0
191,23.0,7.0,37.0,0.0,0.0,0.0,0.0
192,0.0,8.0,43.0,0.0,0.0,0.0,0.0
193,1.0,8.0,43.0,0.0,0.0,0.0,0.0
194,2.0,8.0,43.0,0.0,0.0,0.0,0.0
195,3.0,8.0,43.0,0.0,0.0,0.0,0.0
196,4.0,8.0,43.0,0.0,0.0,0.0,0.0
197,5.0,8.0,43.0,1.0,18.679,4.75,1.75
198,6.0,8.0,43.0,4.0,51.771,2.4375,1.8125
199,7.0,8.0,43.0,15.0,128.346,3.1666666666666665,1.5333333333333334
200,8.0,8.0,43.0,7.0,58.12200000000001,2.2857142857142856,1.1428571428571428
201,9.0,8.0,43.0,3.0,8.686,1.6666666666666667,0.4166666666666667
202,10.0,8.0,43.0,4.0,106.57,3.4375,2.4375
203,11.0,8.0,43.0,9.0,60.23899999999999,3.1944444444444446,0.6666666666666666
204,12.0,8.0,43.0,7.0,60.251999999999995,1.3928571428571428,1.0714285714285714
205,13.0,8.0,43.0,7.0,64.322,2.9642857142857144,1.3571428571428572
206,14.0,8.0,43.0,4.0,31.552,2.875,0.9375
207,15.0,8.0,43.0,2.0,11.808,4.5,1.125
208,16.0,8.0,43.0,3.0,32.293,1.0833333333333333,1.0
209,17.0,8.0,43.0,1.0,4.76,0.75,0.75
210,18.0,8.0,43.0,6.0,50.123000000000005,0.7916666666666666,0.75
211,19.0,8.0,43.0,1.0,6.895,2.5,0.25
212,20.0,8.0,43.0,0.0,0.0,0.0,0.0
213,21.0,8.0,43.0,2.0,18.326999999999998,1.0,1.0
214,22.0,8.0,43.0,0.0,0.0,0.0,0.0
215,23.0,8.0,43.0,0.0,0.0,0.0,0.0
216,0.0,9.0,53.0,0.0,0.0,0.0,0.0
217,1.0,9.0,53.0,0.0,0.0,0.0,0.0
218,2.0,9.0,53.0,0.0,0.0,0.0,0.0
219,3.0,9.0,53.0,0.0,0.0,0.0,0.0
220,4.0,9.0,53.0,0.0,0.0,0.0,0.0
221,5.0,9.0,53.0,1.0,1.663,0.5,0.25
222,6.0,9.0,53.0,6.0,63.677,1.4166666666666667,1.2916666666666667
223,7.0,9.0,53.0,5.0,48.236999999999995,2.75,1.3
224,8.0,9.0,53.0,7.0,68.234,2.142857142857143,1.1785714285714286
225,9.0,9.0,53.0,9.0,97.02599999999998,1.9722222222222223,1.3055555555555556
226,10.0,9.0,53.0,8.0,80.51599999999999,3.21875,1.4375
227,11.0,9.0,53.0,11.0,73.82100000000001,1.1818181818181819,0.7045454545454546
228,12.0,9.0,53.0,8.0,61.263999999999996,1.125,0.875
229,13.0,9.0,53.0,9.0,63.282,1.4722222222222223,1.0555555555555556
230,14.0,9.0,53.0,4.0,20.6,0.5,0.5
231,15.0,9.0,53.0,6.0,43.011,2.1666666666666665,1.0833333333333333
232,16.0,9.0,53.0,4.0,27.27,4.25,0.5625
233,17.0,9.0,53.0,0.0,0.0,0.0,0.0
234,18.0,9.0,53.0,3.0,25.681000000000004,1.0,1.0
235,19.0,9.0,53.0,3.0,20.044999999999998,0.6666666666666666,0.6666666666666666
236,20.0,9.0,53.0,2.0,24.312,1.375,1.375
237,21.0,9.0,53.0,0.0,0.0,0.0,0.0
238,22.0,9.0,53.0,1.0,6.2189999999999985,1.0,1.0
239,23.0,9.0,53.0,0.0,0.0,0.0,0.0
240,0.0,10.0,58.0,0.0,0.0,0.0,0.0
241,1.0,10.0,58.0,0.0,0.0,0.0,0.0
242,2.0,10.0,58.0,0.0,0.0,0.0,0.0
243,3.0,10.0,58.0,0.0,0.0,0.0,0.0
244,4.0,10.0,58.0,0.0,0.0,0.0,0.0
245,5.0,10.0,58.0,1.0,2.031,0.25,0.25
246,6.0,10.0,58.0,6.0,69.084,2.5833333333333335,1.4166666666666667
247,7.0,10.0,58.0,5.0,40.174,3.15,1.25
248,8.0,10.0,58.0,10.0,82.628,2.65,1.175
249,9.0,10.0,58.0,3.0,21.958,1.9166666666666667,0.8333333333333334
250,10.0,10.0,58.0,2.0,18.649,0.875,0.875
251,11.0,10.0,58.0,2.0,7.427,0.5,0.5
252,12.0,10.0,58.0,7.0,28.395999999999997,0.6785714285714286,0.42857142857142855
253,13.0,10.0,58.0,8.0,50.327,2.4375,1.15625
254,14.0,10.0,58.0,3.0,19.33,3.8333333333333335,0.9166666666666666
255,15.0,10.0,58.0,4.0,36.845,4.875,1.125
256,16.0,10.0,58.0,2.0,9.902000000000001,0.625,0.625
257,17.0,10.0,58.0,2.0,12.195,0.75,0.75
258,18.0,10.0,58.0,3.0,23.726,1.5,1.1666666666666667
259,19.0,10.0,58.0,0.0,0.0,0.0,0.0
260,20.0,10.0,58.0,0.0,0.0,0.0,0.0
261,21.0,10.0,58.0,0.0,0.0,0.0,0.0
262,22.0,10.0,58.0,0.0,0.0,0.0,0.0
263,23.0,10.0,58.0,0.0,0.0,0.0,0.0
264,0.0,11.0,65.0,0.0,0.0,0.0,0.0
265,1.0,11.0,65.0,0.0,0.0,0.0,0.0
266,2.0,11.0,65.0,0.0,0.0,0.0,0.0
267,3.0,11.0,65.0,0.0,0.0,0.0,0.0
268,4.0,11.0,65.0,0.0,0.0,0.0,0.0
269,5.0,11.0,65.0,1.0,1.475,0.25,0.25
270,6.0,11.0,65.0,5.0,69.86,2.55,1.5
271,7.0,11.0,65.0,8.0,90.88499999999999,3.0625,1.625
272,8.0,11.0,65.0,7.0,58.438,1.3928571428571428,1.0714285714285714
273,9.0,11.0,65.0,5.0,29.25,1.4,0.85
274,10.0,11.0,65.0,4.0,36.339,1.375,0.9375
275,11.0,11.0,65.0,5.0,54.824000000000005,1.05,0.85
276,12.0,11.0,65.0,5.0,32.278999999999996,3.3,0.9
277,13.0,11.0,65.0,5.0,33.406,1.65,1.1
278,14.0,11.0,65.0,5.0,28.118000000000002,2.9,0.55
279,15.0,11.0,65.0,5.0,38.018,3.85,0.9
280,16.0,11.0,65.0,3.0,21.491,0.75,0.75
281,17.0,11.0,65.0,3.0,38.619,0.75,0.75
282,18.0,11.0,65.0,2.0,21.064,1.0,1.0
283,19.0,11.0,65.0,1.0,2.48,0.75,0.75
284,20.0,11.0,65.0,0.0,0.0,0.0,0.0
285,21.0,11.0,65.0,0.0,0.0,0.0,0.0
286,22.0,11.0,65.0,0.0,0.0,0.0,0.0
287,23.0,11.0,65.0,0.0,0.0,0.0,0.0
288,0.0,12.0,68.0,0.0,0.0,0.0,0.0
289,1.0,12.0,68.0,0.0,0.0,0.0,0.0
290,2.0,12.0,68.0,0.0,0.0,0.0,0.0
291,3.0,12.0,68.0,0.0,0.0,0.0,0.0
292,4.0,12.0,68.0,0.0,0.0,0.0,0.0
293,5.0,12.0,68.0,1.0,2.552,0.5,0.5
294,6.0,12.0,68.0,3.0,24.427,1.5,1.25
295,7.0,12.0,68.0,7.0,74.144,3.0357142857142856,1.5357142857142858
296,8.0,12.0,68.0,8.0,62.108999999999995,2.90625,1.1875
297,9.0,12.0,68.0,5.0,36.403000000000006,0.9,0.9
298,10.0,12.0,68.0,3.0,25.843,0.8333333333333334,0.6666666666666666
299,11.0,12.0,68.0,5.0,60.708,3.2,1.4
300,12.0,12.0,68.0,8.0,72.52499999999999,3.46875,1.0
301,13.0,12.0,68.0,9.0,69.315,2.4166666666666665,1.0833333333333333
302,14.0,12.0,68.0,4.0,35.131,1.25,1.0
303,15.0,12.0,68.0,5.0,26.854,5.4,0.65
304,16.0,12.0,68.0,1.0,2.994,0.5,0.5
305,17.0,12.0,68.0,1.0,30.341,0.5,0.5
306,18.0,12.0,68.0,6.0,33.372,1.0416666666666667,0.7916666666666666
307,19.0,12.0,68.0,2.0,10.86,0.875,0.875
308,20.0,12.0,68.0,2.0,17.686,0.375,0.375
309,21.0,12.0,68.0,0.0,0.0,0.0,0.0
310,22.0,12.0,68.0,0.0,0.0,0.0,0.0
311,23.0,12.0,68.0,0.0,0.0,0.0,0.0
312,0.0,13.0,74.0,0.0,0.0,0.0,0.0
313,1.0,13.0,74.0,0.0,0.0,0.0,0.0
314,2.0,13.0,74.0,0.0,0.0,0.0,0.0
315,3.0,13.0,74.0,0.0,0.0,0.0,0.0
316,4.0,13.0,74.0,0.0,0.0,0.0,0.0
317,5.0,13.0,74.0,1.0,2.303,0.25,0.25
318,6.0,13.0,74.0,0.0,0.0,0.0,0.0
319,7.0,13.0,74.0,9.0,82.09700000000001,2.75,1.25
320,8.0,13.0,74.0,6.0,63.384,2.9583333333333335,1.4583333333333333
321,9.0,13.0,74.0,10.0,106.06800000000001,2.3,1.225
322,10.0,13.0,74.0,5.0,36.251,0.6,0.6
323,11.0,13.0,74.0,6.0,52.82600000000001,0.875,1.1666666666666667
324,12.0,13.0,74.0,5.0,31.443,0.75,0.9
325,13.0,13.0,74.0,7.0,56.342999999999996,3.857142857142857,1.4642857142857142
326,14.0,13.0,74.0,0.0,0.0,0.0,0.0
327,15.0,13.0,74.0,2.0,12.783999999999999,4.375,1.125
328,16.0,13.0,74.0,0.0,0.0,0.0,0.0
329,17.0,13.0,74.0,0.0,0.0,0.0,0.0
330,18.0,13.0,74.0,0.0,0.0,0.0,0.0
331,19.0,13.0,74.0,1.0,12.279000000000002,0.25,0.25
332,20.0,13.0,74.0,0.0,0.0,0.0,0.0
333,21.0,13.0,74.0,0.0,0.0,0.0,0.0
334,22.0,13.0,74.0,0.0,0.0,0.0,0.0
335,23.0,13.0,74.0,0.0,0.0,0.0,0.0
336,0.0,14.0,75.0,0.0,0.0,0.0,0.0
337,1.0,14.0,75.0,0.0,0.0,0.0,0.0
338,2.0,14.0,75.0,0.0,0.0,0.0,0.0
339,3.0,14.0,75.0,0.0,0.0,0.0,0.0
340,4.0,14.0,75.0,0.0,0.0,0.0,0.0
341,5.0,14.0,75.0,0.0,0.0,0.0,0.0
342,6.0,14.0,75.0,1.0,12.886,4.25,2.0
343,7.0,14.0,75.0,9.0,79.508,2.2777777777777777,1.2777777777777777
344,8.0,14.0,75.0,7.0,50.42699999999999,2.4642857142857144,1.0357142857142858
345,9.0,14.0,75.0,3.0,22.807000000000002,1.1666666666666667,0.6666666666666666
346,10.0,14.0,75.0,1.0,9.981,3.75,1.5
347,11.0,14.0,75.0,7.0,53.992,1.25,1.0
348,12.0,14.0,75.0,7.0,21.552,1.1428571428571428,0.39285714285714285
349,13.0,14.0,75.0,4.0,28.301000000000002,1.1875,0.5
350,14.0,14.0,75.0,4.0,46.906000000000006,0.9375,0.875
351,15.0,14.0,75.0,6.0,56.038,0.8333333333333334,0.8333333333333334
352,16.0,14.0,75.0,3.0,16.329,3.75,1.5
353,17.0,14.0,75.0,1.0,3.743,1.0,0.25
354,18.0,14.0,75.0,3.0,15.138,0.75,0.6666666666666666
355,19.0,14.0,75.0,0.0,0.0,0.0,0.0
356,20.0,14.0,75.0,0.0,0.0,0.0,0.0
357,21.0,14.0,75.0,0.0,0.0,0.0,0.0
358,22.0,14.0,75.0,0.0,0.0,0.0,0.0
359,23.0,14.0,75.0,1.0,14.95,0.75,0.75
360,0.0,15.0,78.0,0.0,0.0,0.0,0.0
361,1.0,15.0,78.0,0.0,0.0,0.0,0.0
362,2.0,15.0,78.0,0.0,0.0,0.0,0.0
363,3.0,15.0,78.0,0.0,0.0,0.0,0.0
364,4.0,15.0,78.0,0.0,0.0,0.0,0.0
365,5.0,15.0,78.0,1.0,2.279,0.5,0.5
366,6.0,15.0,78.0,7.0,66.382,1.3928571428571428,0.9285714285714286
367,7.0,15.0,78.0,8.0,82.316,2.78125,1.40625
368,8.0,15.0,78.0,9.0,66.57799999999999,2.0277777777777777,1.0
369,9.0,15.0,78.0,3.0,26.589,1.9166666666666667,0.9166666666666666
370,10.0,15.0,78.0,4.0,36.611,2.0625,1.125
371,11.0,15.0,78.0,4.0,18.88,0.5625,0.4375
372,12.0,15.0,78.0,1.0,5.372000000000001,0.5,0.5
373,13.0,15.0,78.0,5.0,41.608999999999995,3.6,1.3
374,14.0,15.0,78.0,3.0,13.655000000000001,3.75,0.5833333333333334
375,15.0,15.0,78.0,4.0,45.111000000000004,2.875,0.875
376,16.0,15.0,78.0,6.0,47.458,3.7916666666666665,0.7083333333333334
377,17.0,15.0,78.0,4.0,25.69,0.75,0.625
378,18.0,15.0,78.0,1.0,6.417999999999998,1.25,1.25
379,19.0,15.0,78.0,3.0,33.886,2.6666666666666665,1.0
380,20.0,15.0,78.0,2.0,6.598999999999998,0.25,0.25
381,21.0,15.0,78.0,1.0,1.873,0.25,0.25
382,22.0,15.0,78.0,1.0,30.251,8.5,2.5
383,23.0,15.0,78.0,0.0,0.0,0.0,0.0
384,0.0,16.0,79.0,0.0,0.0,0.0,0.0
385,1.0,16.0,79.0,0.0,0.0,0.0,0.0
386,2.0,16.0,79.0,0.0,0.0,0.0,0.0
387,3.0,16.0,79.0,0.0,0.0,0.0,0.0
388,4.0,16.0,79.0,0.0,0.0,0.0,0.0
389,5.0,16.0,79.0,1.0,2.842,0.5,0.5
390,6.0,16.0,79.0,4.0,43.61,2.1875,1.5
391,7.0,16.0,79.0,4.0,29.128,1.6875,0.75
392,8.0,16.0,79.0,12.0,94.267,1.9583333333333333,1.0625
393,9.0,16.0,79.0,8.0,73.49000000000001,1.625,1.0
394,10.0,16.0,79.0,4.0,30.387999999999998,1.0,0.9375
395,11.0,16.0,79.0,0.0,0.0,0.0,0.0
396,12.0,16.0,79.0,7.0,39.230999999999995,2.6785714285714284,0.9285714285714286
397,13.0,16.0,79.0,3.0,32.996,1.0,1.0
398,14.0,16.0,79.0,6.0,47.528,2.4583333333333335,1.2916666666666667
399,15.0,16.0,79.0,0.0,0.0,0.0,0.0
400,16.0,16.0,79.0,3.0,34.792,3.75,1.0
401,17.0,16.0,79.0,5.0,13.993,2.6,0.4
402,18.0,16.0,79.0,6.0,22.907,0.75,0.625
403,19.0,16.0,79.0,4.0,30.288999999999998,0.875,0.625
404,20.0,16.0,79.0,3.0,11.544,0.3333333333333333,0.3333333333333333
405,21.0,16.0,79.0,2.0,10.107,1.375,1.375
406,22.0,16.0,79.0,2.0,21.034,2.875,1.125
407,23.0,16.0,79.0,0.0,0.0,0.0,0.0
408,0.0,17.0,85.0,0.0,0.0,0.0,0.0
409,1.0,17.0,85.0,2.0,12.705,0.375,0.375
410,2.0,17.0,85.0,0.0,0.0,0.0,0.0
411,3.0,17.0,85.0,0.0,0.0,0.0,0.0
412,4.0,17.0,85.0,0.0,0.0,0.0,0.0
413,5.0,17.0,85.0,2.0,13.49,0.375,0.375
414,6.0,17.0,85.0,6.0,70.536,2.375,1.4166666666666667
415,7.0,17.0,85.0,6.0,47.511,2.9583333333333335,1.0833333333333333
416,8.0,17.0,85.0,8.0,79.678,3.65625,1.5
417,9.0,17.0,85.0,5.0,43.622,2.7,1.15
418,10.0,17.0,85.0,3.0,21.87,4.666666666666667,1.0
419,11.0,17.0,85.0,4.0,28.342,1.5625,0.875
420,12.0,17.0,85.0,4.0,23.628999999999998,2.25,0.75
421,13.0,17.0,85.0,2.0,7.742,0.5,0.5
422,14.0,17.0,85.0,6.0,69.313,1.25,1.25
423,15.0,17.0,85.0,2.0,18.594,5.25,1.125
424,16.0,17.0,85.0,2.0,11.608999999999998,0.75,0.75
425,17.0,17.0,85.0,3.0,14.117,0.8333333333333334,0.8333333333333334
426,18.0,17.0,85.0,0.0,0.0,0.0,0.0
427,19.0,17.0,85.0,3.0,23.470999999999997,0.9166666666666666,0.8333333333333334
428,20.0,17.0,85.0,0.0,0.0,0.0,0.0
429,21.0,17.0,85.0,0.0,0.0,0.0,0.0
430,22.0,17.0,85.0,0.0,0.0,0.0,0.0
431,23.0,17.0,85.0,3.0,40.050999999999995,2.0,1.1666666666666667
432,0.0,18.0,87.0,0.0,0.0,0.0,0.0
433,1.0,18.0,87.0,0.0,0.0,0.0,0.0
434,2.0,18.0,87.0,0.0,0.0,0.0,0.0
435,3.0,18.0,87.0,0.0,0.0,0.0,0.0
436,4.0,18.0,87.0,0.0,0.0,0.0,0.0
437,5.0,18.0,87.0,1.0,1.767,0.25,0.25
438,6.0,18.0,87.0,6.0,51.496,1.7083333333333333,1.0416666666666667
439,7.0,18.0,87.0,9.0,94.878,2.4166666666666665,1.4722222222222223
440,8.0,18.0,87.0,7.0,56.83800000000001,2.4285714285714284,1.1428571428571428
441,9.0,18.0,87.0,7.0,62.096999999999994,3.5357142857142856,1.3214285714285714
442,10.0,18.0,87.0,3.0,16.875999999999998,0.8333333333333334,0.4166666666666667
443,11.0,18.0,87.0,4.0,22.89,1.25,0.875
444,12.0,18.0,87.0,7.0,39.947,2.392857142857143,0.6071428571428571
445,13.0,18.0,87.0,8.0,66.026,2.46875,1.125
446,14.0,18.0,87.0,3.0,23.847,3.9166666666666665,0.8333333333333334
447,15.0,18.0,87.0,4.0,23.859,2.8125,0.5625
448,16.0,18.0,87.0,2.0,4.899000000000001,4.875,0.375
449,17.0,18.0,87.0,3.0,13.221,0.75,0.5
450,18.0,18.0,87.0,2.0,12.155,1.0,0.875
451,19.0,18.0,87.0,1.0,5.702000000000001,1.75,1.75
452,20.0,18.0,87.0,0.0,0.0,0.0,0.0
453,21.0,18.0,87.0,0.0,0.0,0.0,0.0
454,22.0,18.0,87.0,0.0,0.0,0.0,0.0
455,23.0,18.0,87.0,2.0,47.464000000000006,2.0,1.875
456,0.0,19.0,94.0,0.0,0.0,0.0,0.0
457,1.0,19.0,94.0,0.0,0.0,0.0,0.0
458,2.0,19.0,94.0,0.0,0.0,0.0,0.0
459,3.0,19.0,94.0,0.0,0.0,0.0,0.0
460,4.0,19.0,94.0,0.0,0.0,0.0,0.0
461,5.0,19.0,94.0,3.0,15.118,0.3333333333333333,0.3333333333333333
462,6.0,19.0,94.0,4.0,25.429,1.125,1.0
463,7.0,19.0,94.0,9.0,84.242,2.1944444444444446,1.25
464,8.0,19.0,94.0,13.0,151.266,1.9230769230769231,1.3269230769230769
465,9.0,19.0,94.0,4.0,28.317000000000004,1.0625,1.0
466,10.0,19.0,94.0,5.0,27.409,0.75,0.75
467,11.0,19.0,94.0,4.0,28.534999999999997,3.5,0.9375
468,12.0,19.0,94.0,13.0,81.68700000000001,1.0769230769230769,0.7307692307692307
469,13.0,19.0,94.0,5.0,23.456,1.35,1.0
470,14.0,19.0,94.0,5.0,45.325,4.15,0.8
471,15.0,19.0,94.0,3.0,32.651,0.9166666666666666,0.9166666666666666
472,16.0,19.0,94.0,0.0,0.0,0.0,0.0
473,17.0,19.0,94.0,3.0,15.494999999999997,0.4166666666666667,0.4166666666666667
474,18.0,19.0,94.0,5.0,33.098,1.0,0.8
475,19.0,19.0,94.0,1.0,6.845,0.5,0.5
476,20.0,19.0,94.0,3.0,30.171999999999997,1.0833333333333333,0.8333333333333334
477,21.0,19.0,94.0,0.0,0.0,0.0,0.0
478,22.0,19.0,94.0,2.0,49.276,4.75,4.125
479,23.0,19.0,94.0,0.0,0.0,0.0,0.0
480,0.0,20.0,106.0,0.0,0.0,0.0,0.0
481,1.0,20.0,106.0,0.0,0.0,0.0,0.0
482,2.0,20.0,106.0,0.0,0.0,0.0,0.0
483,3.0,20.0,106.0,0.0,0.0,0.0,0.0
484,4.0,20.0,106.0,0.0,0.0,0.0,0.0
485,5.0,20.0,106.0,0.0,0.0,0.0,0.0
486,6.0,20.0,106.0,3.0,39.206999999999994,1.9166666666666667,1.6666666666666667
487,7.0,20.0,106.0,7.0,66.708,3.25,1.5714285714285714
488,8.0,20.0,106.0,8.0,66.33300000000001,1.21875,0.96875
489,9.0,20.0,106.0,6.0,85.459,2.3333333333333335,1.5416666666666667
490,10.0,20.0,106.0,6.0,54.362,1.125,0.9166666666666666
491,11.0,20.0,106.0,9.0,66.97399999999999,4.027777777777778,1.0277777777777777
492,12.0,20.0,106.0,5.0,27.662999999999997,1.75,0.75
493,13.0,20.0,106.0,6.0,59.355000000000004,4.333333333333333,1.2916666666666667
494,14.0,20.0,106.0,4.0,34.230000000000004,1.3125,1.1875
495,15.0,20.0,106.0,6.0,44.165,1.375,0.9583333333333334
496,16.0,20.0,106.0,2.0,16.761,0.875,0.875
497,17.0,20.0,106.0,5.0,35.03,1.1,0.9
498,18.0,20.0,106.0,4.0,25.068,0.4375,0.4375
499,19.0,20.0,106.0,1.0,1.449,0.25,0.25
500,20.0,20.0,106.0,1.0,3.63,0.25,0.25
501,21.0,20.0,106.0,2.0,12.713000000000001,0.875,0.875
502,22.0,20.0,106.0,1.0,26.562,4.5,2.25
503,23.0,20.0,106.0,1.0,13.234000000000002,4.5,1.25
504,0.0,21.0,107.0,0.0,0.0,0.0,0.0
505,1.0,21.0,107.0,0.0,0.0,0.0,0.0
506,2.0,21.0,107.0,0.0,0.0,0.0,0.0
507,3.0,21.0,107.0,0.0,0.0,0.0,0.0
508,4.0,21.0,107.0,0.0,0.0,0.0,0.0
509,5.0,21.0,107.0,0.0,0.0,0.0,0.0
510,6.0,21.0,107.0,5.0,51.838,3.3,1.45
511,7.0,21.0,107.0,8.0,78.91199999999999,2.625,1.40625
512,8.0,21.0,107.0,9.0,53.55,3.0833333333333335,0.8611111111111112
513,9.0,21.0,107.0,8.0,42.869,1.25,1.0625
514,10.0,21.0,107.0,6.0,32.164,1.3333333333333333,0.625
515,11.0,21.0,107.0,4.0,25.664,1.375,0.6875
516,12.0,21.0,107.0,5.0,20.563,3.9,0.8
517,13.0,21.0,107.0,9.0,66.2,3.4722222222222223,0.7777777777777778
518,14.0,21.0,107.0,1.0,3.68,0.5,0.5
519,15.0,21.0,107.0,3.0,15.552999999999999,4.166666666666667,1.3333333333333333
520,16.0,21.0,107.0,2.0,6.231999999999999,0.5,0.5
521,17.0,21.0,107.0,1.0,8.307,1.25,1.25
522,18.0,21.0,107.0,1.0,3.665,0.75,0.75
523,19.0,21.0,107.0,3.0,20.944000000000003,1.1666666666666667,1.0833333333333333
524,20.0,21.0,107.0,3.0,14.033000000000003,0.6666666666666666,0.6666666666666666
525,21.0,21.0,107.0,0.0,0.0,0.0,0.0
526,22.0,21.0,107.0,2.0,18.697000000000003,3.0,1.0
527,23.0,21.0,107.0,1.0,25.98,4.0,2.25
528,0.0,22.0,113.0,0.0,0.0,0.0,0.0
529,1.0,22.0,113.0,0.0,0.0,0.0,0.0
530,2.0,22.0,113.0,0.0,0.0,0.0,0.0
531,3.0,22.0,113.0,0.0,0.0,0.0,0.0
532,4.0,22.0,113.0,0.0,0.0,0.0,0.0
533,5.0,22.0,113.0,1.0,2.104,0.25,0.25
534,6.0,22.0,113.0,10.0,100.195,1.85,1.275
535,7.0,22.0,113.0,8.0,54.116000000000014,3.4375,1.0
536,8.0,22.0,113.0,10.0,120.71699999999998,2.725,1.45
537,9.0,22.0,113.0,5.0,37.396,1.5,1.05
538,10.0,22.0,113.0,5.0,50.409,1.4,1.15
539,11.0,22.0,113.0,3.0,36.097,1.9166666666666667,1.6666666666666667
540,12.0,22.0,113.0,7.0,50.79299999999999,1.8214285714285714,1.0357142857142858
541,13.0,22.0,113.0,8.0,71.891,3.21875,0.78125
542,14.0,22.0,113.0,4.0,41.894999999999996,4.625,1.0625
543,15.0,22.0,113.0,5.0,51.857,0.95,0.9
544,16.0,22.0,113.0,1.0,2.239,8.0,0.25
545,17.0,22.0,113.0,4.0,18.612000000000002,0.5625,0.5625
546,18.0,22.0,113.0,3.0,27.509,2.25,2.0833333333333335
547,19.0,22.0,113.0,1.0,6.345,0.25,0.25
548,20.0,22.0,113.0,3.0,44.572,2.8333333333333335,0.75
549,21.0,22.0,113.0,1.0,2.376,0.25,0.25
550,22.0,22.0,113.0,3.0,60.96,3.0833333333333335,1.8333333333333333
551,23.0,22.0,113.0,0.0,0.0,0.0,0.0
552,0.0,23.0,116.0,0.0,0.0,0.0,0.0
553,1.0,23.0,116.0,0.0,0.0,0.0,0.0
554,2.0,23.0,116.0,0.0,0.0,0.0,0.0
555,3.0,23.0,116.0,0.0,0.0,0.0,0.0
556,4.0,23.0,116.0,0.0,0.0,0.0,0.0
557,5.0,23.0,116.0,2.0,19.104,2.375,1.0
558,6.0,23.0,116.0,8.0,73.15,2.25,1.3125
559,7.0,23.0,116.0,7.0,49.897000000000006,2.0,0.9285714285714286
560,8.0,23.0,116.0,3.0,15.624000000000002,2.1666666666666665,0.6666666666666666
561,9.0,23.0,116.0,10.0,103.595,2.05,1.225
562,10.0,23.0,116.0,2.0,18.347,1.125,1.0
563,11.0,23.0,116.0,7.0,42.298,0.7142857142857143,0.6071428571428571
564,12.0,23.0,116.0,14.0,100.10799999999999,1.4642857142857142,0.8392857142857143
565,13.0,23.0,116.0,9.0,65.587,2.8333333333333335,1.0
566,14.0,23.0,116.0,4.0,14.302999999999999,0.75,0.5
567,15.0,23.0,116.0,9.0,63.988,6.638888888888889,0.8055555555555556
568,16.0,23.0,116.0,3.0,11.918,0.6666666666666666,0.5833333333333334
569,17.0,23.0,116.0,6.0,21.228,0.4583333333333333,0.4166666666666667
570,18.0,23.0,116.0,8.0,62.042,1.59375,0.8125
571,19.0,23.0,116.0,2.0,9.802999999999999,1.0,0.75
572,20.0,23.0,116.0,3.0,9.372,0.4166666666666667,0.4166666666666667
573,21.0,23.0,116.0,0.0,0.0,0.0,0.0
574,22.0,23.0,116.0,3.0,60.904,4.5,1.8333333333333333
575,23.0,23.0,116.0,0.0,0.0,0.0,0.0
576,0.0,24.0,117.0,0.0,0.0,0.0,0.0
577,1.0,24.0,117.0,0.0,0.0,0.0,0.0
578,2.0,24.0,117.0,0.0,0.0,0.0,0.0
579,3.0,24.0,117.0,0.0,0.0,0.0,0.0
580,4.0,24.0,117.0,0.0,0.0,0.0,0.0
581,5.0,24.0,117.0,2.0,9.088000000000001,0.75,0.625
582,6.0,24.0,117.0,4.0,38.388999999999996,2.5625,1.3125
583,7.0,24.0,117.0,5.0,49.224000000000004,3.0,1.4
584,8.0,24.0,117.0,8.0,47.429,2.59375,0.8125
585,9.0,24.0,117.0,8.0,62.218999999999994,1.3125,0.6875
586,10.0,24.0,117.0,3.0,18.885,0.6666666666666666,0.6666666666666666
587,11.0,24.0,117.0,6.0,35.45400000000001,0.9583333333333334,0.5416666666666666
588,12.0,24.0,117.0,10.0,60.691,1.05,0.7
589,13.0,24.0,117.0,11.0,81.86299999999999,2.1818181818181817,1.0227272727272727
590,14.0,24.0,117.0,6.0,43.010999999999996,2.0,0.7916666666666666
591,15.0,24.0,117.0,4.0,34.769,6.625,0.9375
592,16.0,24.0,117.0,4.0,23.348,2.5625,0.5625
593,17.0,24.0,117.0,2.0,14.107,0.875,0.875
594,18.0,24.0,117.0,3.0,19.387999999999998,1.25,1.0833333333333333
595,19.0,24.0,117.0,3.0,33.924,0.3333333333333333,0.3333333333333333
596,20.0,24.0,117.0,1.0,4.512,0.25,0.25
597,21.0,24.0,117.0,0.0,0.0,0.0,0.0
598,22.0,24.0,117.0,2.0,31.12,3.25,1.75
599,23.0,24.0,117.0,2.0,31.403,2.375,1.25
600,0.0,25.0,118.0,0.0,0.0,0.0,0.0
601,1.0,25.0,118.0,0.0,0.0,0.0,0.0
602,2.0,25.0,118.0,0.0,0.0,0.0,0.0
603,3.0,25.0,118.0,0.0,0.0,0.0,0.0
604,4.0,25.0,118.0,0.0,0.0,0.0,0.0
605,5.0,25.0,118.0,1.0,14.398,1.5,1.25
606,6.0,25.0,118.0,8.0,60.29500000000001,1.65625,1.125
607,7.0,25.0,118.0,9.0,81.565,2.8055555555555554,1.2222222222222223
608,8.0,25.0,118.0,2.0,12.834,3.25,1.125
609,9.0,25.0,118.0,7.0,58.681,2.1785714285714284,1.0357142857142858
610,10.0,25.0,118.0,4.0,34.2,1.625,1.5
611,11.0,25.0,118.0,8.0,58.742000000000004,2.625,1.0625
612,12.0,25.0,118.0,7.0,46.91,1.25,0.8214285714285714
613,13.0,25.0,118.0,5.0,40.205999999999996,0.75,0.75
614,14.0,25.0,118.0,8.0,81.98899999999999,3.9375,1.0
615,15.0,25.0,118.0,5.0,57.299,4.25,1.75
616,16.0,25.0,118.0,3.0,36.081,3.4166666666666665,1.1666666666666667
617,17.0,25.0,118.0,3.0,33.891000000000005,1.0,0.8333333333333334
618,18.0,25.0,118.0,3.0,21.806,1.1666666666666667,1.0833333333333333
619,19.0,25.0,118.0,2.0,9.46,0.75,0.75
620,20.0,25.0,118.0,4.0,30.283,0.625,0.625
621,21.0,25.0,118.0,1.0,22.055,0.25,0.25
622,22.0,25.0,118.0,1.0,16.84,5.5,1.5
623,23.0,25.0,118.0,1.0,23.599,4.0,2.25
624,0.0,26.0,120.0,0.0,0.0,0.0,0.0
625,1.0,26.0,120.0,0.0,0.0,0.0,0.0
626,2.0,26.0,120.0,0.0,0.0,0.0,0.0
627,3.0,26.0,120.0,0.0,0.0,0.0,0.0
628,4.0,26.0,120.0,0.0,0.0,0.0,0.0
629,5.0,26.0,120.0,1.0,2.255,0.25,0.25
630,6.0,26.0,120.0,5.0,59.932,2.75,1.7
631,7.0,26.0,120.0,7.0,48.84000000000001,2.8214285714285716,1.1785714285714286
632,8.0,26.0,120.0,8.0,67.34400000000001,2.21875,1.28125
633,9.0,26.0,120.0,14.0,128.99099999999999,2.517857142857143,1.0178571428571428
634,10.0,26.0,120.0,3.0,21.442,0.8333333333333334,0.8333333333333334
635,11.0,26.0,120.0,6.0,78.539,1.5,1.0416666666666667
636,12.0,26.0,120.0,11.0,51.53699999999999,3.1363636363636362,0.6136363636363636
637,13.0,26.0,120.0,6.0,43.629999999999995,1.4583333333333333,0.9583333333333334
638,14.0,26.0,120.0,3.0,32.805,4.333333333333333,1.0
639,15.0,26.0,120.0,7.0,53.51500000000001,3.107142857142857,0.9642857142857143
640,16.0,26.0,120.0,2.0,20.038,1.0,1.0
641,17.0,26.0,120.0,3.0,25.551000000000002,0.8333333333333334,0.8333333333333334
642,18.0,26.0,120.0,2.0,21.817999999999998,1.125,1.125
643,19.0,26.0,120.0,3.0,32.376,0.5833333333333334,0.5833333333333334
644,20.0,26.0,120.0,2.0,13.601,0.625,0.625
645,21.0,26.0,120.0,2.0,8.217,0.5,0.5
646,22.0,26.0,120.0,2.0,34.141000000000005,4.25,1.5
647,23.0,26.0,120.0,1.0,15.53,4.75,3.75
648,0.0,27.0,122.0,1.0,11.947,0.25,0.25
649,1.0,27.0,122.0,0.0,0.0,0.0,0.0
650,2.0,27.0,122.0,0.0,0.0,0.0,0.0
651,3.0,27.0,122.0,0.0,0.0,0.0,0.0
652,4.0,27.0,122.0,0.0,0.0,0.0,0.0
653,5.0,27.0,122.0,1.0,2.418,0.25,0.25
654,6.0,27.0,122.0,6.0,61.678,2.5833333333333335,1.5833333333333333
655,7.0,27.0,122.0,12.0,122.628,3.0625,1.4166666666666667
656,8.0,27.0,122.0,11.0,74.01400000000001,2.0681818181818183,0.9772727272727273
657,9.0,27.0,122.0,8.0,82.1,2.09375,1.34375
658,10.0,27.0,122.0,5.0,40.17,1.95,1.1
659,11.0,27.0,122.0,2.0,15.125,0.75,0.75
660,12.0,27.0,122.0,10.0,59.050999999999995,1.2,0.575
661,13.0,27.0,122.0,6.0,43.065,2.75,0.8333333333333334
662,14.0,27.0,122.0,6.0,44.256,5.583333333333333,0.7916666666666666
663,15.0,27.0,122.0,6.0,48.561,3.75,0.75
664,16.0,27.0,122.0,7.0,54.995,1.8571428571428572,0.7857142857142857
665,17.0,27.0,122.0,4.0,45.93,2.1875,1.1875
666,18.0,27.0,122.0,7.0,38.707,0.5357142857142857,0.5
667,19.0,27.0,122.0,4.0,58.834,0.75,0.5625
668,20.0,27.0,122.0,1.0,3.907,0.75,0.75
669,21.0,27.0,122.0,0.0,0.0,0.0,0.0
670,22.0,27.0,122.0,1.0,37.89,4.25,3.25
671,23.0,27.0,122.0,0.0,0.0,0.0,0.0
672,0.0,28.0,137.0,0.0,0.0,0.0,0.0
673,1.0,28.0,137.0,0.0,0.0,0.0,0.0
674,2.0,28.0,137.0,0.0,0.0,0.0,0.0
675,3.0,28.0,137.0,0.0,0.0,0.0,0.0
676,4.0,28.0,137.0,0.0,0.0,0.0,0.0
677,5.0,28.0,137.0,1.0,2.359,0.25,0.25
678,6.0,28.0,137.0,6.0,65.35400000000001,2.4583333333333335,1.8333333333333333
679,7.0,28.0,137.0,7.0,64.127,3.25,1.3214285714285714
680,8.0,28.0,137.0,9.0,74.55300000000001,2.1666666666666665,0.9722222222222222
681,9.0,28.0,137.0,5.0,22.16,1.75,0.85
682,10.0,28.0,137.0,7.0,30.340999999999998,0.7857142857142857,0.7857142857142857
683,11.0,28.0,137.0,3.0,12.094,0.6666666666666666,0.5
684,12.0,28.0,137.0,8.0,95.792,1.5,1.09375
685,13.0,28.0,137.0,8.0,34.223000000000006,2.3125,0.5
686,14.0,28.0,137.0,7.0,38.776999999999994,1.0,0.7857142857142857
687,15.0,28.0,137.0,7.0,75.14,3.857142857142857,1.1071428571428572
688,16.0,28.0,137.0,4.0,30.245,0.8125,0.6875
689,17.0,28.0,137.0,2.0,7.673,0.375,0.375
690,18.0,28.0,137.0,4.0,22.988999999999997,1.3125,0.75
691,19.0,28.0,137.0,3.0,19.22,0.8333333333333334,0.8333333333333334
692,20.0,28.0,137.0,1.0,3.855,0.25,0.25
693,21.0,28.0,137.0,1.0,3.645,0.25,0.25
694,22.0,28.0,137.0,0.0,0.0,0.0,0.0
695,23.0,28.0,137.0,3.0,40.645,3.5,1.4166666666666667
696,0.0,29.0,140.0,0.0,0.0,0.0,0.0
697,1.0,29.0,140.0,0.0,0.0,0.0,0.0
698,2.0,29.0,140.0,0.0,0.0,0.0,0.0
699,3.0,29.0,140.0,0.0,0.0,0.0,0.0
700,4.0,29.0,140.0,0.0,0.0,0.0,0.0
701,5.0,29.0,140.0,0.0,0.0,0.0,0.0
702,6.0,29.0,140.0,6.0,48.89199999999999,1.8333333333333333,1.3333333333333333
703,7.0,29.0,140.0,9.0,86.84800000000001,2.4444444444444446,1.1944444444444444
704,8.0,29.0,140.0,12.0,102.76700000000001,3.0625,1.3125
705,9.0,29.0,140.0,5.0,60.42099999999999,1.8,1.35
706,10.0,29.0,140.0,4.0,36.155,0.8125,0.75
707,11.0,29.0,140.0,6.0,50.311,1.5416666666666667,1.0
708,12.0,29.0,140.0,6.0,58.367,5.083333333333333,1.375
709,13.0,29.0,140.0,6.0,48.827,1.5833333333333333,0.9166666666666666
710,14.0,29.0,140.0,4.0,50.269000000000005,3.0,1.5
711,15.0,29.0,140.0,6.0,50.529999999999994,3.0,1.0416666666666667
712,16.0,29.0,140.0,2.0,13.713999999999999,0.625,0.625
713,17.0,29.0,140.0,4.0,24.035000000000004,0.5,0.4375
714,18.0,29.0,140.0,1.0,12.465,2.0,1.25
715,19.0,29.0,140.0,3.0,23.262999999999998,0.5833333333333334,0.5833333333333334
716,20.0,29.0,140.0,2.0,11.043,0.75,0.75
717,21.0,29.0,140.0,1.0,2.116,0.75,0.75
718,22.0,29.0,140.0,2.0,51.346999999999994,3.0,2.125
719,23.0,29.0,140.0,3.0,43.186,3.25,2.25
720,0.0,30.0,143.0,1.0,12.128,1.5,1.5
721,1.0,30.0,143.0,0.0,0.0,0.0,0.0
722,2.0,30.0,143.0,0.0,0.0,0.0,0.0
723,3.0,30.0,143.0,0.0,0.0,0.0,0.0
724,4.0,30.0,143.0,0.0,0.0,0.0,0.0
725,5.0,30.0,143.0,1.0,2.501,0.25,0.25
726,6.0,30.0,143.0,7.0,62.919999999999995,1.9285714285714286,1.5
727,7.0,30.0,143.0,6.0,73.576,2.5833333333333335,1.6666666666666667
728,8.0,30.0,143.0,9.0,64.297,2.25,1.0277777777777777
729,9.0,30.0,143.0,7.0,61.491,1.6785714285714286,0.8928571428571429
730,10.0,30.0,143.0,8.0,43.189,2.21875,0.84375
731,11.0,30.0,143.0,3.0,12.423000000000002,1.5833333333333333,0.5833333333333334
732,12.0,30.0,143.0,10.0,67.48299999999999,1.075,0.675
733,13.0,30.0,143.0,12.0,90.112,2.0833333333333335,0.9375
734,14.0,30.0,143.0,6.0,75.911,3.5416666666666665,1.2083333333333333
735,15.0,30.0,143.0,6.0,48.436,4.75,0.9583333333333334
736,16.0,30.0,143.0,2.0,24.037,0.625,0.625
737,17.0,30.0,143.0,5.0,32.751,1.1,0.85
738,18.0,30.0,143.0,2.0,14.706,1.25,1.125
739,19.0,30.0,143.0,1.0,12.066,1.5,1.5
740,20.0,30.0,143.0,1.0,2.8960000000000004,1.0,0.5
741,21.0,30.0,143.0,1.0,5.184,0.5,0.5
742,22.0,30.0,143.0,3.0,54.09700000000001,5.75,1.8333333333333333
743,23.0,30.0,143.0,0.0,0.0,0.0,0.0
744,0.0,31.0,160.0,0.0,0.0,0.0,0.0
745,1.0,31.0,160.0,0.0,0.0,0.0,0.0
746,2.0,31.0,160.0,0.0,0.0,0.0,0.0
747,3.0,31.0,160.0,0.0,0.0,0.0,0.0
748,4.0,31.0,160.0,0.0,0.0,0.0,0.0
749,5.0,31.0,160.0,2.0,7.129,2.625,0.625
750,6.0,31.0,160.0,3.0,45.396,2.4166666666666665,2.4166666666666665
751,7.0,31.0,160.0,10.0,79.872,3.15,1.175
752,8.0,31.0,160.0,11.0,107.00500000000002,2.1136363636363638,1.2272727272727273
753,9.0,31.0,160.0,3.0,28.769000000000002,2.1666666666666665,0.9166666666666666
754,10.0,31.0,160.0,2.0,8.868,2.125,0.75
755,11.0,31.0,160.0,2.0,14.771,1.125,1.125
756,12.0,31.0,160.0,4.0,52.885,1.4375,1.4375
757,13.0,31.0,160.0,5.0,17.892000000000003,1.15,0.5
758,14.0,31.0,160.0,8.0,54.76899999999999,2.625,0.84375
759,15.0,31.0,160.0,5.0,44.13699999999999,4.25,1.4
760,16.0,31.0,160.0,6.0,29.915,1.9583333333333333,0.6666666666666666
761,17.0,31.0,160.0,3.0,25.296,1.3333333333333333,0.5
762,18.0,31.0,160.0,3.0,23.018,0.8333333333333334,0.8333333333333334
763,19.0,31.0,160.0,2.0,17.682,0.75,0.75
764,20.0,31.0,160.0,1.0,1.35,0.5,0.25
765,21.0,31.0,160.0,3.0,23.402,2.0,0.8333333333333334
766,22.0,31.0,160.0,2.0,65.243,4.5,3.0
767,23.0,31.0,160.0,0.0,0.0,0.0,0.0
768,0.0,32.0,165.0,0.0,0.0,0.0,0.0
769,1.0,32.0,165.0,0.0,0.0,0.0,0.0
770,2.0,32.0,165.0,0.0,0.0,0.0,0.0
771,3.0,32.0,165.0,0.0,0.0,0.0,0.0
772,4.0,32.0,165.0,0.0,0.0,0.0,0.0
773,5.0,32.0,165.0,1.0,2.51,0.5,0.25
774,6.0,32.0,165.0,5.0,52.637,2.05,1.5
775,7.0,32.0,165.0,13.0,127.39100000000002,3.0384615384615383,1.2692307692307692
776,8.0,32.0,165.0,11.0,114.815,1.7727272727272727,1.3181818181818181
777,9.0,32.0,165.0,3.0,35.434,2.0,1.3333333333333333
778,10.0,32.0,165.0,5.0,35.266000000000005,1.15,0.75
779,11.0,32.0,165.0,3.0,18.784,1.4166666666666667,0.6666666666666666
780,12.0,32.0,165.0,10.0,60.186,1.375,0.575
781,13.0,32.0,165.0,6.0,39.13099999999999,1.4166666666666667,0.9583333333333334
782,14.0,32.0,165.0,7.0,54.252,2.2857142857142856,0.8928571428571429
783,15.0,32.0,165.0,5.0,42.789,3.55,0.95
784,16.0,32.0,165.0,1.0,4.371,0.25,0.25
785,17.0,32.0,165.0,1.0,3.695,0.25,0.25
786,18.0,32.0,165.0,3.0,12.091000000000001,0.5833333333333334,0.5
787,19.0,32.0,165.0,4.0,27.22,2.0625,1.0
788,20.0,32.0,165.0,1.0,5.511,0.5,0.5
789,21.0,32.0,165.0,4.0,25.928,0.3125,0.3125
790,22.0,32.0,165.0,1.0,13.705,4.25,1.25
791,23.0,32.0,165.0,1.0,24.016,4.25,2.25
792,0.0,33.0,174.0,0.0,0.0,0.0,0.0
793,1.0,33.0,174.0,0.0,0.0,0.0,0.0
794,2.0,33.0,174.0,0.0,0.0,0.0,0.0
795,3.0,33.0,174.0,0.0,0.0,0.0,0.0
796,4.0,33.0,174.0,0.0,0.0,0.0,0.0
797,5.0,33.0,174.0,0.0,0.0,0.0,0.0
798,6.0,33.0,174.0,3.0,27.189,0.75,0.5833333333333334
799,7.0,33.0,174.0,14.0,134.423,2.2857142857142856,1.3928571428571428
800,8.0,33.0,174.0,11.0,90.478,1.8636363636363635,1.1136363636363635
801,9.0,33.0,174.0,2.0,26.372,1.625,1.5
802,10.0,33.0,174.0,7.0,66.858,1.1428571428571428,0.9642857142857143
803,11.0,33.0,174.0,6.0,28.346,0.625,0.375
804,12.0,33.0,174.0,7.0,54.12,2.857142857142857,0.9642857142857143
805,13.0,33.0,174.0,3.0,12.626999999999999,1.0,0.5
806,14.0,33.0,174.0,11.0,62.378,2.6363636363636362,0.9318181818181818
807,15.0,33.0,174.0,8.0,72.102,1.875,1.28125
808,16.0,33.0,174.0,6.0,32.02,0.625,0.625
809,17.0,33.0,174.0,3.0,9.007,0.3333333333333333,0.3333333333333333
810,18.0,33.0,174.0,7.0,61.975,0.9642857142857143,0.8928571428571429
811,19.0,33.0,174.0,3.0,11.613,0.5833333333333334,0.5
812,20.0,33.0,174.0,2.0,19.079,0.5,0.5
813,21.0,33.0,174.0,2.0,18.237000000000002,0.875,0.875
814,22.0,33.0,174.0,1.0,3.42,4.25,0.25
815,23.0,33.0,174.0,2.0,38.036,6.25,1.75
816,0.0,34.0,181.0,1.0,9.642,0.75,0.75
817,1.0,34.0,181.0,0.0,0.0,0.0,0.0
818,2.0,34.0,181.0,0.0,0.0,0.0,0.0
819,3.0,34.0,181.0,0.0,0.0,0.0,0.0
820,4.0,34.0,181.0,0.0,0.0,0.0,0.0
821,5.0,34.0,181.0,1.0,2.591,0.5,0.5
822,6.0,34.0,181.0,5.0,47.521,2.7,1.3
823,7.0,34.0,181.0,9.0,80.701,1.7777777777777777,1.25
824,8.0,34.0,181.0,9.0,57.6,1.5,0.8333333333333334
825,9.0,34.0,181.0,5.0,41.04,1.35,1.3
826,10.0,34.0,181.0,6.0,42.492,1.4166666666666667,0.9166666666666666
827,11.0,34.0,181.0,10.0,47.754000000000005,1.55,0.425
828,12.0,34.0,181.0,5.0,33.776999999999994,1.7,0.8
829,13.0,34.0,181.0,6.0,35.672,2.9583333333333335,0.7916666666666666
830,14.0,34.0,181.0,8.0,51.892,4.875,0.75
831,15.0,34.0,181.0,10.0,105.68200000000002,2.275,1.0
832,16.0,34.0,181.0,2.0,11.485,0.75,0.625
833,17.0,34.0,181.0,0.0,0.0,0.0,0.0
834,18.0,34.0,181.0,2.0,24.84,1.0,1.0
835,19.0,34.0,181.0,9.0,48.873999999999995,0.8055555555555556,0.7222222222222222
836,20.0,34.0,181.0,1.0,4.992,0.5,0.5
837,21.0,34.0,181.0,1.0,6.082999999999998,0.75,0.75
838,22.0,34.0,181.0,5.0,49.2,2.15,0.85
839,23.0,34.0,181.0,2.0,42.650999999999996,5.125,1.875
840,0.0,35.0,183.0,0.0,0.0,0.0,0.0
841,1.0,35.0,183.0,0.0,0.0,0.0,0.0
842,2.0,35.0,183.0,0.0,0.0,0.0,0.0
843,3.0,35.0,183.0,0.0,0.0,0.0,0.0
844,4.0,35.0,183.0,0.0,0.0,0.0,0.0
845,5.0,35.0,183.0,1.0,2.056,0.25,0.25
846,6.0,35.0,183.0,3.0,19.812,3.1666666666666665,0.8333333333333334
847,7.0,35.0,183.0,11.0,126.691,2.4318181818181817,1.4090909090909092
848,8.0,35.0,183.0,13.0,123.285,2.1346153846153846,1.1923076923076923
849,9.0,35.0,183.0,5.0,66.523,1.1,1.1
850,10.0,35.0,183.0,1.0,8.378,1.5,0.75
851,11.0,35.0,183.0,8.0,103.094,2.125,1.59375
852,12.0,35.0,183.0,9.0,45.654,1.3888888888888888,0.8055555555555556
853,13.0,35.0,183.0,11.0,52.204,2.5454545454545454,0.7045454545454546
854,14.0,35.0,183.0,3.0,31.792,1.0833333333333333,1.0833333333333333
855,15.0,35.0,183.0,5.0,43.577,2.5,0.85
856,16.0,35.0,183.0,3.0,17.54,0.5,0.5
857,17.0,35.0,183.0,5.0,31.820999999999998,0.75,0.3
858,18.0,35.0,183.0,6.0,32.391,1.0,0.8333333333333334
859,19.0,35.0,183.0,3.0,14.264000000000001,0.5,0.5
860,20.0,35.0,183.0,1.0,7.308,1.25,1.0
861,21.0,35.0,183.0,0.0,0.0,0.0,0.0
862,22.0,35.0,183.0,2.0,52.50200000000001,2.375,2.0
863,23.0,35.0,183.0,3.0,52.542,5.25,1.5
864,0.0,36.0,194.0,0.0,0.0,0.0,0.0
865,1.0,36.0,194.0,0.0,0.0,0.0,0.0
866,2.0,36.0,194.0,0.0,0.0,0.0,0.0
867,3.0,36.0,194.0,0.0,0.0,0.0,0.0
868,4.0,36.0,194.0,0.0,0.0,0.0,0.0
869,5.0,36.0,194.0,1.0,2.37,0.5,0.5
870,6.0,36.0,194.0,5.0,52.4,2.35,1.6
871,7.0,36.0,194.0,8.0,87.19,3.0625,1.625
872,8.0,36.0,194.0,16.0,113.967,2.15625,0.875
873,9.0,36.0,194.0,3.0,24.427,2.8333333333333335,1.25
874,10.0,36.0,194.0,8.0,63.199999999999996,1.21875,0.96875
875,11.0,36.0,194.0,6.0,44.163,1.0,0.875
876,12.0,36.0,194.0,6.0,37.229,2.9583333333333335,0.9166666666666666
877,13.0,36.0,194.0,7.0,61.92100000000001,0.8571428571428571,0.8571428571428571
878,14.0,36.0,194.0,6.0,44.75199999999999,2.25,0.7083333333333334
879,15.0,36.0,194.0,4.0,47.611000000000004,2.625,0.75
880,16.0,36.0,194.0,3.0,25.944,1.3333333333333333,1.1666666666666667
881,17.0,36.0,194.0,7.0,37.812999999999995,1.1785714285714286,0.75
882,18.0,36.0,194.0,6.0,26.189999999999998,0.4583333333333333,0.4583333333333333
883,19.0,36.0,194.0,5.0,36.974000000000004,1.1,0.75
884,20.0,36.0,194.0,2.0,9.42,0.375,0.375
885,21.0,36.0,194.0,1.0,4.519,0.25,0.25
886,22.0,36.0,194.0,4.0,43.701,3.4375,0.8125
887,23.0,36.0,194.0,1.0,27.252,8.25,2.25
888,0.0,37.0,203.0,0.0,0.0,0.0,0.0
889,1.0,37.0,203.0,0.0,0.0,0.0,0.0
890,2.0,37.0,203.0,1.0,7.294,0.25,0.25
891,3.0,37.0,203.0,0.0,0.0,0.0,0.0
892,4.0,37.0,203.0,0.0,0.0,0.0,0.0
893,5.0,37.0,203.0,1.0,1.825,0.25,0.25
894,6.0,37.0,203.0,6.0,52.015,2.0,1.0416666666666667
895,7.0,37.0,203.0,9.0,82.10000000000001,2.7222222222222223,1.3055555555555556
896,8.0,37.0,203.0,9.0,56.093,2.138888888888889,0.8888888888888888
897,9.0,37.0,203.0,6.0,42.714000000000006,2.0833333333333335,0.8333333333333334
898,10.0,37.0,203.0,8.0,58.37600000000001,2.25,0.875
899,11.0,37.0,203.0,0.0,0.0,0.0,0.0
900,12.0,37.0,203.0,4.0,20.355,1.5625,0.6875
901,13.0,37.0,203.0,9.0,91.563,2.3055555555555554,1.7777777777777777
902,14.0,37.0,203.0,6.0,80.379,2.5,1.0
903,15.0,37.0,203.0,9.0,55.019,1.6666666666666667,0.8611111111111112
904,16.0,37.0,203.0,9.0,112.179,3.3055555555555554,1.3055555555555556
905,17.0,37.0,203.0,4.0,16.959999999999997,0.375,0.375
906,18.0,37.0,203.0,6.0,44.493,1.5833333333333333,0.875
907,19.0,37.0,203.0,3.0,15.043999999999999,1.3333333333333333,0.6666666666666666
908,20.0,37.0,203.0,1.0,5.895,0.5,0.5
909,21.0,37.0,203.0,2.0,9.208,0.625,0.625
910,22.0,37.0,203.0,2.0,53.623,4.25,2.25
911,23.0,37.0,203.0,3.0,45.312,3.0,1.4166666666666667
912,0.0,38.0,206.0,0.0,0.0,0.0,0.0
913,1.0,38.0,206.0,0.0,0.0,0.0,0.0
914,2.0,38.0,206.0,0.0,0.0,0.0,0.0
915,3.0,38.0,206.0,0.0,0.0,0.0,0.0
916,4.0,38.0,206.0,0.0,0.0,0.0,0.0
917,5.0,38.0,206.0,1.0,2.197,0.25,0.25
918,6.0,38.0,206.0,2.0,22.502,1.875,1.375
919,7.0,38.0,206.0,2.0,13.6,4.625,1.25
920,8.0,38.0,206.0,13.0,87.24,2.230769230769231,1.0384615384615385
921,9.0,38.0,206.0,5.0,36.93,1.7,1.2
922,10.0,38.0,206.0,6.0,51.059,3.4166666666666665,1.375
923,11.0,38.0,206.0,3.0,32.833,1.5833333333333333,1.4166666666666667
924,12.0,38.0,206.0,4.0,20.449,1.25,0.6875
925,13.0,38.0,206.0,7.0,89.427,2.2142857142857144,1.3571428571428572
926,14.0,38.0,206.0,8.0,61.650999999999996,3.09375,0.8125
927,15.0,38.0,206.0,7.0,54.961999999999996,3.3214285714285716,0.9642857142857143
928,16.0,38.0,206.0,1.0,2.502,0.75,0.25
929,17.0,38.0,206.0,6.0,55.93599999999999,1.0416666666666667,1.0416666666666667
930,18.0,38.0,206.0,4.0,42.566,1.375,1.25
931,19.0,38.0,206.0,2.0,12.806999999999999,1.25,1.0
932,20.0,38.0,206.0,2.0,10.571,0.625,0.625
933,21.0,38.0,206.0,1.0,16.028,1.5,1.5
934,22.0,38.0,206.0,2.0,24.64,4.625,1.25
935,23.0,38.0,206.0,2.0,54.477000000000004,6.25,2.625
936,0.0,39.0,207.0,1.0,8.698,9.0,1.5
937,1.0,39.0,207.0,0.0,0.0,0.0,0.0
938,2.0,39.0,207.0,0.0,0.0,0.0,0.0
939,3.0,39.0,207.0,0.0,0.0,0.0,0.0
940,4.0,39.0,207.0,0.0,0.0,0.0,0.0
941,5.0,39.0,207.0,2.0,7.643,0.5,0.5
942,6.0,39.0,207.0,0.0,0.0,0.0,0.0
943,7.0,39.0,207.0,5.0,54.42400000000001,2.95,1.4
944,8.0,39.0,207.0,14.0,103.779,2.0,1.1607142857142858
945,9.0,39.0,207.0,4.0,16.0,0.9375,0.6875
946,10.0,39.0,207.0,2.0,14.742,1.125,1.125
947,11.0,39.0,207.0,4.0,37.649,0.8125,0.6875
948,12.0,39.0,207.0,8.0,53.982000000000006,2.34375,0.8125
949,13.0,39.0,207.0,9.0,88.639,1.2777777777777777,1.0
950,14.0,39.0,207.0,5.0,44.48100000000001,4.4,0.8
951,15.0,39.0,207.0,2.0,34.7,5.0,1.625
952,16.0,39.0,207.0,5.0,28.539,2.1,0.55
953,17.0,39.0,207.0,4.0,15.481000000000002,1.0625,0.5625
954,18.0,39.0,207.0,2.0,17.658,1.25,1.0
955,19.0,39.0,207.0,4.0,17.955000000000002,0.5,0.5
956,20.0,39.0,207.0,3.0,49.367,1.3333333333333333,1.3333333333333333
957,21.0,39.0,207.0,0.0,0.0,0.0,0.0
958,22.0,39.0,207.0,2.0,30.168999999999997,5.25,1.375
959,23.0,39.0,207.0,0.0,0.0,0.0,0.0
960,0.0,40.0,213.0,0.0,0.0,0.0,0.0
961,1.0,40.0,213.0,0.0,0.0,0.0,0.0
962,2.0,40.0,213.0,0.0,0.0,0.0,0.0
963,3.0,40.0,213.0,0.0,0.0,0.0,0.0
964,4.0,40.0,213.0,0.0,0.0,0.0,0.0
965,5.0,40.0,213.0,1.0,1.949,0.5,0.25
966,6.0,40.0,213.0,1.0,12.888,2.5,2.25
967,7.0,40.0,213.0,8.0,82.505,3.9375,1.5625
968,8.0,40.0,213.0,10.0,113.293,2.025,1.175
969,9.0,40.0,213.0,5.0,36.717,2.05,0.8
970,10.0,40.0,213.0,4.0,14.975000000000001,1.1875,0.625
971,11.0,40.0,213.0,5.0,32.394999999999996,1.2,1.0
972,12.0,40.0,213.0,4.0,31.471999999999994,0.9375,0.8125
973,13.0,40.0,213.0,8.0,53.684,2.4375,0.9375
974,14.0,40.0,213.0,6.0,46.593999999999994,2.6666666666666665,1.125
975,15.0,40.0,213.0,5.0,53.900999999999996,3.7,1.55
976,16.0,40.0,213.0,2.0,33.34,1.25,1.25
977,17.0,40.0,213.0,1.0,2.081,0.25,0.25
978,18.0,40.0,213.0,3.0,13.629,0.6666666666666666,0.6666666666666666
979,19.0,40.0,213.0,5.0,44.111,0.85,0.8
980,20.0,40.0,213.0,1.0,1.746,0.25,0.25
981,21.0,40.0,213.0,0.0,0.0,0.0,0.0
982,22.0,40.0,213.0,2.0,9.449,4.625,0.625
983,23.0,40.0,213.0,2.0,36.985,6.25,1.625
984,0.0,41.0,215.0,0.0,0.0,0.0,0.0
985,1.0,41.0,215.0,0.0,0.0,0.0,0.0
986,2.0,41.0,215.0,0.0,0.0,0.0,0.0
987,3.0,41.0,215.0,0.0,0.0,0.0,0.0
988,4.0,41.0,215.0,0.0,0.0,0.0,0.0
989,5.0,41.0,215.0,0.0,0.0,0.0,0.0
990,6.0,41.0,215.0,3.0,33.506,1.4166666666666667,1.1666666666666667
991,7.0,41.0,215.0,8.0,70.503,3.375,1.34375
992,8.0,41.0,215.0,12.0,85.10899999999998,2.7291666666666665,0.9166666666666666
993,9.0,41.0,215.0,5.0,59.086999999999996,1.65,1.15
994,10.0,41.0,215.0,2.0,17.961,1.875,1.25
995,11.0,41.0,215.0,4.0,28.379999999999995,1.4375,1.0
996,12.0,41.0,215.0,6.0,40.165,1.1666666666666667,0.6666666666666666
997,13.0,41.0,215.0,6.0,45.262,4.333333333333333,0.875
998,14.0,41.0,215.0,2.0,14.547,5.5,1.0
999,15.0,41.0,215.0,5.0,78.491,5.35,1.4
1000,16.0,41.0,215.0,5.0,27.238000000000003,1.15,0.7
1001,17.0,41.0,215.0,1.0,32.391,2.25,2.25
1002,18.0,41.0,215.0,5.0,98.67100000000002,2.45,2.2
1003,19.0,41.0,215.0,0.0,0.0,0.0,0.0
1004,20.0,41.0,215.0,0.0,0.0,0.0,0.0
1005,21.0,41.0,215.0,1.0,2.557,1.0,0.75
1006,22.0,41.0,215.0,3.0,36.129,3.6666666666666665,1.4166666666666667
1007,23.0,41.0,215.0,0.0,0.0,0.0,0.0
1008,0.0,42.0,225.0,0.0,0.0,0.0,0.0
1009,1.0,42.0,225.0,1.0,14.755,4.5,3.75
1010,2.0,42.0,225.0,0.0,0.0,0.0,0.0
1011,3.0,42.0,225.0,0.0,0.0,0.0,0.0
1012,4.0,42.0,225.0,0.0,0.0,0.0,0.0
1013,5.0,42.0,225.0,1.0,2.3040000000000003,0.5,0.5
1014,6.0,42.0,225.0,2.0,19.913,1.5,1.5
1015,7.0,42.0,225.0,3.0,23.722,1.0,0.8333333333333334
1016,8.0,42.0,225.0,4.0,37.887,1.125,1.0625
1017,9.0,42.0,225.0,4.0,26.784999999999997,2.1875,1.0
1018,10.0,42.0,225.0,2.0,12.169,0.875,0.75
1019,11.0,42.0,225.0,2.0,40.809,1.625,1.625
1020,12.0,42.0,225.0,5.0,19.076999999999998,1.0,0.6
1021,13.0,42.0,225.0,6.0,44.508,0.7916666666666666,0.6666666666666666
1022,14.0,42.0,225.0,4.0,24.404,1.125,1.0
1023,15.0,42.0,225.0,4.0,10.642,0.3125,0.3125
1024,16.0,42.0,225.0,2.0,11.2,0.5,0.5
1025,17.0,42.0,225.0,5.0,55.171,0.95,0.95
1026,18.0,42.0,225.0,5.0,29.762999999999998,0.8,0.7
1027,19.0,42.0,225.0,2.0,26.811,1.25,1.25
1028,20.0,42.0,225.0,0.0,0.0,0.0,0.0
1029,21.0,42.0,225.0,0.0,0.0,0.0,0.0
1030,22.0,42.0,225.0,1.0,74.40899999999998,5.25,5.25
1031,23.0,42.0,225.0,0.0,0.0,0.0,0.0
1032,0.0,43.0,228.0,0.0,0.0,0.0,0.0
1033,1.0,43.0,228.0,0.0,0.0,0.0,0.0
1034,2.0,43.0,228.0,0.0,0.0,0.0,0.0
1035,3.0,43.0,228.0,0.0,0.0,0.0,0.0
1036,4.0,43.0,228.0,0.0,0.0,0.0,0.0
1037,5.0,43.0,228.0,1.0,2.296,0.25,0.25
1038,6.0,43.0,228.0,1.0,11.013,2.25,2.0
1039,7.0,43.0,228.0,0.0,0.0,0.0,0.0
1040,8.0,43.0,228.0,10.0,67.443,1.3,1.0
1041,9.0,43.0,228.0,4.0,19.134999999999998,0.8125,0.5
1042,10.0,43.0,228.0,3.0,29.842,0.8333333333333334,0.8333333333333334
1043,11.0,43.0,228.0,5.0,35.977000000000004,2.7,2.55
1044,12.0,43.0,228.0,6.0,28.282999999999998,2.25,0.5833333333333334
1045,13.0,43.0,228.0,4.0,32.476,0.8125,0.8125
1046,14.0,43.0,228.0,2.0,22.502000000000002,9.625,1.25
1047,15.0,43.0,228.0,8.0,74.502,1.875,1.0
1048,16.0,43.0,228.0,6.0,49.477999999999994,4.916666666666667,1.4166666666666667
1049,17.0,43.0,228.0,1.0,5.329,1.25,0.75
1050,18.0,43.0,228.0,3.0,27.964,1.25,1.1666666666666667
1051,19.0,43.0,228.0,0.0,0.0,0.0,0.0
1052,20.0,43.0,228.0,0.0,0.0,0.0,0.0
1053,21.0,43.0,228.0,1.0,2.474,0.25,0.25
1054,22.0,43.0,228.0,3.0,70.272,4.166666666666667,2.25
1055,23.0,43.0,228.0,1.0,21.172,4.25,2.0
1056,0.0,44.0,230.0,0.0,0.0,0.0,0.0
1057,1.0,44.0,230.0,0.0,0.0,0.0,0.0
1058,2.0,44.0,230.0,0.0,0.0,0.0,0.0
1059,3.0,44.0,230.0,0.0,0.0,0.0,0.0
1060,4.0,44.0,230.0,0.0,0.0,0.0,0.0
1061,5.0,44.0,230.0,1.0,1.836,0.25,0.25
1062,6.0,44.0,230.0,2.0,17.744,4.875,1.375
1063,7.0,44.0,230.0,2.0,11.972000000000001,0.625,0.625
1064,8.0,44.0,230.0,7.0,68.231,2.107142857142857,1.25
1065,9.0,44.0,230.0,5.0,28.988000000000003,2.15,0.75
1066,10.0,44.0,230.0,3.0,19.411,0.5833333333333334,0.5833333333333334
1067,11.0,44.0,230.0,3.0,8.117,0.3333333333333333,0.3333333333333333
1068,12.0,44.0,230.0,6.0,51.940000000000005,0.9583333333333334,0.9583333333333334
1069,13.0,44.0,230.0,4.0,42.021,1.0625,1.0625
1070,14.0,44.0,230.0,2.0,21.592,5.875,1.5
1071,15.0,44.0,230.0,7.0,61.961999999999996,4.035714285714286,0.9285714285714286
1072,16.0,44.0,230.0,4.0,34.033,2.625,0.75
1073,17.0,44.0,230.0,5.0,38.36600000000001,0.65,0.65
1074,18.0,44.0,230.0,4.0,80.091,2.6875,2.5
1075,19.0,44.0,230.0,3.0,19.062,1.3333333333333333,0.9166666666666666
1076,20.0,44.0,230.0,4.0,43.35,1.125,1.125
1077,21.0,44.0,230.0,1.0,43.666,6.0,5.5
1078,22.0,44.0,230.0,1.0,25.64,4.5,2.5
1079,23.0,44.0,230.0,1.0,48.702,4.0,4.0
1080,0.0,45.0,233.0,0.0,0.0,0.0,0.0
1081,1.0,45.0,233.0,1.0,12.754,1.0,1.0
1082,2.0,45.0,233.0,0.0,0.0,0.0,0.0
1083,3.0,45.0,233.0,0.0,0.0,0.0,0.0
1084,4.0,45.0,233.0,0.0,0.0,0.0,0.0
1085,5.0,45.0,233.0,0.0,0.0,0.0,0.0
1086,6.0,45.0,233.0,1.0,4.7,0.75,0.75
1087,7.0,45.0,233.0,1.0,11.6,5.0,2.0
1088,8.0,45.0,233.0,2.0,23.872999999999998,0.875,0.875
1089,9.0,45.0,233.0,1.0,16.928,1.5,1.5
1090,10.0,45.0,233.0,3.0,10.719999999999999,0.6666666666666666,0.5
1091,11.0,45.0,233.0,2.0,20.713,2.25,1.25
1092,12.0,45.0,233.0,1.0,8.111,2.0,1.25
1093,13.0,45.0,233.0,1.0,9.046,1.25,1.25
1094,14.0,45.0,233.0,1.0,7.286,0.5,0.5
1095,15.0,45.0,233.0,2.0,10.986,0.875,0.875
1096,16.0,45.0,233.0,1.0,2.823,0.5,0.5
1097,17.0,45.0,233.0,0.0,0.0,0.0,0.0
1098,18.0,45.0,233.0,0.0,0.0,0.0,0.0
1099,19.0,45.0,233.0,1.0,27.887,2.0,2.0
1100,20.0,45.0,233.0,0.0,0.0,0.0,0.0
1101,21.0,45.0,233.0,2.0,20.801000000000002,5.25,1.625
1102,22.0,45.0,233.0,0.0,0.0,0.0,0.0
1103,23.0,45.0,233.0,0.0,0.0,0.0,0.0
1104,0.0,46.0,236.0,0.0,0.0,0.0,0.0
1105,1.0,46.0,236.0,0.0,0.0,0.0,0.0
1106,2.0,46.0,236.0,0.0,0.0,0.0,0.0
1107,3.0,46.0,236.0,0.0,0.0,0.0,0.0
1108,4.0,46.0,236.0,0.0,0.0,0.0,0.0
1109,5.0,46.0,236.0,1.0,12.738,6.0,2.25
1110,6.0,46.0,236.0,1.0,0.942,0.25,0.25
1111,7.0,46.0,236.0,2.0,9.964,0.75,0.625
1112,8.0,46.0,236.0,9.0,59.10999999999999,1.6111111111111112,0.9722222222222222
1113,9.0,46.0,236.0,1.0,15.744000000000002,2.25,2.0
1114,10.0,46.0,236.0,6.0,63.742,1.5416666666666667,1.2916666666666667
1115,11.0,46.0,236.0,7.0,45.438,1.1071428571428572,0.7857142857142857
1116,12.0,46.0,236.0,2.0,7.452999999999999,0.75,0.625
1117,13.0,46.0,236.0,3.0,18.298000000000002,7.5,0.9166666666666666
1118,14.0,46.0,236.0,8.0,71.16299999999998,2.0625,1.09375
1119,15.0,46.0,236.0,6.0,46.255,2.375,0.75
1120,16.0,46.0,236.0,6.0,61.015,3.8333333333333335,1.125
1121,17.0,46.0,236.0,2.0,9.434,1.0,1.0
1122,18.0,46.0,236.0,2.0,24.750999999999998,1.625,1.5
1123,19.0,46.0,236.0,5.0,37.773999999999994,0.8,0.8
1124,20.0,46.0,236.0,1.0,4.089,0.25,0.25
1125,21.0,46.0,236.0,1.0,50.333,5.0,5.0
1126,22.0,46.0,236.0,2.0,14.872,2.75,1.125
1127,23.0,46.0,236.0,2.0,78.438,5.375,3.5
1128,0.0,47.0,237.0,0.0,0.0,0.0,0.0
1129,1.0,47.0,237.0,0.0,0.0,0.0,0.0
1130,2.0,47.0,237.0,0.0,0.0,0.0,0.0
1131,3.0,47.0,237.0,0.0,0.0,0.0,0.0
1132,4.0,47.0,237.0,0.0,0.0,0.0,0.0
1133,5.0,47.0,237.0,1.0,9.781,4.25,1.75
1134,6.0,47.0,237.0,2.0,24.948,1.375,1.25
1135,7.0,47.0,237.0,2.0,18.218000000000004,1.125,1.0
1136,8.0,47.0,237.0,5.0,25.409,2.0,0.75
1137,9.0,47.0,237.0,5.0,34.254999999999995,1.15,0.8
1138,10.0,47.0,237.0,5.0,41.159,1.4,2.0
1139,11.0,47.0,237.0,5.0,53.377,3.45,1.4
1140,12.0,47.0,237.0,6.0,23.161,2.5,0.625
1141,13.0,47.0,237.0,2.0,16.289,1.25,1.25
1142,14.0,47.0,237.0,2.0,16.119,1.125,1.125
1143,15.0,47.0,237.0,5.0,45.898,2.2,0.85
1144,16.0,47.0,237.0,6.0,53.22599999999999,3.3333333333333335,0.8333333333333334
1145,17.0,47.0,237.0,4.0,31.933999999999997,3.125,1.1875
1146,18.0,47.0,237.0,4.0,41.036,1.4375,1.125
1147,19.0,47.0,237.0,5.0,46.918000000000006,0.85,0.85
1148,20.0,47.0,237.0,1.0,4.809,1.0,1.0
1149,21.0,47.0,237.0,2.0,38.12,3.0,1.375
1150,22.0,47.0,237.0,2.0,57.148999999999994,6.375,2.625
1151,23.0,47.0,237.0,1.0,11.235,4.25,1.25
1152,0.0,48.0,242.0,0.0,0.0,0.0,0.0
1153,1.0,48.0,242.0,0.0,0.0,0.0,0.0
1154,2.0,48.0,242.0,0.0,0.0,0.0,0.0
1155,3.0,48.0,242.0,0.0,0.0,0.0,0.0
1156,4.0,48.0,242.0,0.0,0.0,0.0,0.0
1157,5.0,48.0,242.0,1.0,2.508,0.5,0.5
1158,6.0,48.0,242.0,3.0,27.034,1.6666666666666667,1.25
1159,7.0,48.0,242.0,2.0,10.507,1.875,1.0
1160,8.0,48.0,242.0,8.0,50.08,2.09375,0.96875
1161,9.0,48.0,242.0,3.0,20.680999999999997,1.25,1.0
1162,10.0,48.0,242.0,7.0,62.11,2.4642857142857144,0.9642857142857143
1163,11.0,48.0,242.0,5.0,30.290999999999997,0.9,0.85
1164,12.0,48.0,242.0,8.0,50.712,2.28125,1.0
1165,13.0,48.0,242.0,3.0,9.59,0.75,0.6666666666666666
1166,14.0,48.0,242.0,5.0,58.19199999999999,4.6,1.3
1167,15.0,48.0,242.0,9.0,94.31400000000001,2.861111111111111,1.3333333333333333
1168,16.0,48.0,242.0,3.0,19.01,1.0833333333333333,1.0833333333333333
1169,17.0,48.0,242.0,2.0,9.326,4.0,0.5
1170,18.0,48.0,242.0,3.0,34.882,1.0833333333333333,1.0833333333333333
1171,19.0,48.0,242.0,1.0,8.347000000000001,5.5,1.25
1172,20.0,48.0,242.0,1.0,4.566,0.25,0.25
1173,21.0,48.0,242.0,2.0,80.453,3.125,3.0
1174,22.0,48.0,242.0,1.0,10.395,4.25,1.25
1175,23.0,48.0,242.0,2.0,28.285,2.25,1.375
1176,0.0,49.0,243.0,0.0,0.0,0.0,0.0
1177,1.0,49.0,243.0,0.0,0.0,0.0,0.0
1178,2.0,49.0,243.0,0.0,0.0,0.0,0.0
1179,3.0,49.0,243.0,0.0,0.0,0.0,0.0
1180,4.0,49.0,243.0,0.0,0.0,0.0,0.0
1181,5.0,49.0,243.0,1.0,2.447,0.5,0.5
1182,6.0,49.0,243.0,2.0,17.555,1.625,1.25
1183,7.0,49.0,243.0,3.0,18.994999999999997,0.5,0.4166666666666667
1184,8.0,49.0,243.0,7.0,68.69,1.8571428571428572,1.1785714285714286
1185,9.0,49.0,243.0,7.0,49.633,1.3571428571428572,1.0
1186,10.0,49.0,243.0,1.0,4.039,0.25,0.25
1187,11.0,49.0,243.0,3.0,16.567,1.5,0.6666666666666666
1188,12.0,49.0,243.0,6.0,34.295,1.2916666666666667,0.7083333333333334
1189,13.0,49.0,243.0,5.0,67.20400000000001,8.25,2.3
1190,14.0,49.0,243.0,7.0,93.223,2.392857142857143,1.7142857142857142
1191,15.0,49.0,243.0,6.0,35.332,4.833333333333333,0.9166666666666666
1192,16.0,49.0,243.0,4.0,26.77,4.75,0.75
1193,17.0,49.0,243.0,3.0,23.546000000000003,1.5833333333333333,1.0
1194,18.0,49.0,243.0,3.0,22.016,0.6666666666666666,0.6666666666666666
1195,19.0,49.0,243.0,4.0,28.051,1.75,0.875
1196,20.0,49.0,243.0,4.0,20.887,0.5625,0.5
1197,21.0,49.0,243.0,0.0,0.0,0.0,0.0
1198,22.0,49.0,243.0,2.0,58.346,4.625,2.625
1199,23.0,49.0,243.0,1.0,28.103,4.25,2.75
1200,0.0,50.0,255.0,0.0,0.0,0.0,0.0
1201,1.0,50.0,255.0,0.0,0.0,0.0,0.0
1202,2.0,50.0,255.0,0.0,0.0,0.0,0.0
1203,3.0,50.0,255.0,0.0,0.0,0.0,0.0
1204,4.0,50.0,255.0,0.0,0.0,0.0,0.0
1205,5.0,50.0,255.0,1.0,9.501,9.25,1.75
1206,6.0,50.0,255.0,3.0,30.78,1.0833333333333333,1.0833333333333333
1207,7.0,50.0,255.0,0.0,0.0,0.0,0.0
1208,8.0,50.0,255.0,2.0,19.459,1.25,1.25
1209,9.0,50.0,255.0,1.0,11.159,1.0,1.0
1210,10.0,50.0,255.0,3.0,30.163,0.9166666666666666,0.9166666666666666
1211,11.0,50.0,255.0,5.0,29.259000000000004,0.85,0.75
1212,12.0,50.0,255.0,4.0,13.63,1.3125,0.5625
1213,13.0,50.0,255.0,2.0,7.6610000000000005,5.25,0.5
1214,14.0,50.0,255.0,3.0,18.067,0.5833333333333334,0.5833333333333334
1215,15.0,50.0,255.0,1.0,12.438,1.0,1.0
1216,16.0,50.0,255.0,3.0,9.897,0.25,0.25
1217,17.0,50.0,255.0,0.0,0.0,0.0,0.0
1218,18.0,50.0,255.0,0.0,0.0,0.0,0.0
1219,19.0,50.0,255.0,1.0,14.168,1.0,1.0
1220,20.0,50.0,255.0,1.0,20.081,9.75,3.0
1221,21.0,50.0,255.0,1.0,49.988,5.75,4.0
1222,22.0,50.0,255.0,0.0,0.0,0.0,0.0
1223,23.0,50.0,255.0,0.0,0.0,0.0,0.0
1224,0.0,51.0,256.0,0.0,0.0,0.0,0.0
1225,1.0,51.0,256.0,0.0,0.0,0.0,0.0
1226,2.0,51.0,256.0,0.0,0.0,0.0,0.0
1227,3.0,51.0,256.0,0.0,0.0,0.0,0.0
1228,4.0,51.0,256.0,0.0,0.0,0.0,0.0
1229,5.0,51.0,256.0,1.0,11.06,6.25,2.0
1230,6.0,51.0,256.0,0.0,0.0,0.0,0.0
1231,7.0,51.0,256.0,1.0,37.487,2.75,2.75
1232,8.0,51.0,256.0,1.0,55.06,5.5,4.75
1233,9.0,51.0,256.0,0.0,0.0,0.0,0.0
1234,10.0,51.0,256.0,1.0,8.249,1.5,1.25
1235,11.0,51.0,256.0,0.0,0.0,0.0,0.0
1236,12.0,51.0,256.0,1.0,14.542,3.25,3.25
1237,13.0,51.0,256.0,2.0,24.378,1.125,1.125
1238,14.0,51.0,256.0,1.0,2.901,0.25,0.25
1239,15.0,51.0,256.0,1.0,0.996,0.25,0.25
1240,16.0,51.0,256.0,0.0,0.0,0.0,0.0
1241,17.0,51.0,256.0,0.0,0.0,0.0,0.0
1242,18.0,51.0,256.0,1.0,11.103,1.25,1.25
1243,19.0,51.0,256.0,0.0,0.0,0.0,0.0
1244,20.0,51.0,256.0,2.0,25.348,2.25,1.75
1245,21.0,51.0,256.0,0.0,0.0,0.0,0.0
1246,22.0,51.0,256.0,1.0,18.319000000000006,4.25,2.5
1247,23.0,51.0,256.0,0.0,0.0,0.0,0.0
1248,0.0,52.0,257.0,0.0,0.0,0.0,0.0
1249,1.0,52.0,257.0,0.0,0.0,0.0,0.0
1250,2.0,52.0,257.0,0.0,0.0,0.0,0.0
1251,3.0,52.0,257.0,0.0,0.0,0.0,0.0
1252,4.0,52.0,257.0,0.0,0.0,0.0,0.0
1253,5.0,52.0,257.0,0.0,0.0,0.0,0.0
1254,6.0,52.0,257.0,2.0,13.979000000000001,1.375,1.25
1255,7.0,52.0,257.0,2.0,15.874999999999998,1.0,1.0
1256,8.0,52.0,257.0,4.0,63.251999999999995,4.5,3.625
1257,9.0,52.0,257.0,1.0,6.359,1.0,0.5
1258,10.0,52.0,257.0,5.0,28.339,1.0,1.0
1259,11.0,52.0,257.0,3.0,16.371000000000002,0.5833333333333334,0.5833333333333334
1260,12.0,52.0,257.0,7.0,71.92600000000002,3.0357142857142856,1.5714285714285714
1261,13.0,52.0,257.0,3.0,21.375,7.583333333333333,0.75
1262,14.0,52.0,257.0,3.0,25.61,3.4166666666666665,0.8333333333333334
1263,15.0,52.0,257.0,0.0,0.0,0.0,0.0
1264,16.0,52.0,257.0,4.0,25.637,0.9375,0.875
1265,17.0,52.0,257.0,2.0,11.63,0.75,0.75
1266,18.0,52.0,257.0,3.0,20.477000000000004,1.0,1.0
1267,19.0,52.0,257.0,1.0,10.668,1.5,1.5
1268,20.0,52.0,257.0,0.0,0.0,0.0,0.0
1269,21.0,52.0,257.0,1.0,13.541,1.5,1.5
1270,22.0,52.0,257.0,2.0,46.772999999999996,7.25,3.5
1271,23.0,52.0,257.0,1.0,3.123,0.25,0.25
